Annee;Region;Province;Culture;Production (t);Stock;Disponibilite;Population;PDI;Pop_tot;Disponibilite/tete;Equivalent Kcal;Besoin Kcal
2018;Boucle du Mouhoun;Balé;SORGHO;55548;;55548;296750;0;352298;0,157673333;539242,8001;
2018;Boucle du Mouhoun;Banwa;SORGHO;56486;;56486;372067;0;428553;0,131806334;450777,6634;
2018;Boucle du Mouhoun;Kossi;SORGHO;39129;;39129;378353;0;417482;0,093726197;320543,5923;
2018;Boucle du Mouhoun;Mouhoun;SORGHO;120640;;120640;412549;0;533189;0,226261232;773813,4133;
2018;Boucle du Mouhoun;Nayala;SORGHO;40228;;40228;221193;0;261421;0,153882052;526276,6189;
2018;Boucle du Mouhoun;Sourou;SORGHO;55413;;55413;295305;0;350718;0,157998734;540355,6704;
2018;Cascades;Comoé;SORGHO;15973;;15973;645943;0;661916;0,024131461;82529,5959;
2018;Cascades;Léraba;SORGHO;4336;;4336;176502;0;180838;0,023977261;82002,23404;
2018;Centre;Kadiogo;SORGHO;26413;;26413;2854356;0;2880769;0,009168732;31357,06473;
2018;Centre Est;Boulgou;SORGHO;33159;;33159;766784;0;799943;0,041451703;141764,8257;
2018;Centre Est;Koulpélgo;SORGHO;17040;;17040;374239;0;391279;0,043549488;148939,248;
2018;Centre Est;Kouritenga;SORGHO;61401;;61401;466970;0;528371;0,116208119;397431,7667;
2018;Centre Nord;Bam;SORGHO;45260;;45260;387253;0;432513;0,104644253;357883,3469;
2018;Centre Nord;Namentenga;SORGHO;46457;;46457;462757;0;509214;0,091232763;312016,0483;
2018;Centre Nord;Sanmatenga;SORGHO;91763;1750;93513;837848;0;931361;0,100404677;343383,994;
2018;Centre Ouest;Boulkièmdé;SORGHO;70927;;70927;682747;0;753674;0,094108328;321850,4818;
2018;Centre Ouest;Sanguié;SORGHO;69059;;69059;399993;0;469052;0,147231011;503530,0564;
2018;Centre Ouest;Sissili;SORGHO;41547;;41547;298630;0;340177;0,122133478;417696,4933;
2018;Centre Ouest;Ziro;SORGHO;51341;;51341;262018;0;313359;0,163840834;560335,6534;
2018;Centre Sud;Bazèga;SORGHO;34508;;34508;311554;0;346062;0,099716236;341029,5265;
2018;Centre Sud;Nahouri;SORGHO;27625;;27625;221543;0;249168;0,110868972;379171,884;
2018;Centre Sud;Zoundweogo;SORGHO;25382;;25382;338830;0;364212;0,06969018;238340,4171;
2018;Est;Gnagna;SORGHO;90216;750;90966;579680;0;670646;0,135639369;463886,6406;
2018;Est;Gourma;SORGHO;43829;;43829;443115;0;486944;0,090008297;307828,3745;
2018;Est;Komandjoari;SORGHO;12163;;12163;122114;0;134277;0,09058141;309788,4224;
2018;Est;Kompienga;SORGHO;5518;;5518;125961;0;131479;0,041968679;143532,8836;
2018;Est;Tapoa;SORGHO;89495;;89495;506868;0;596363;0,150067995;513232,5446;
2018;Hauts Bassins;Houet;SORGHO;98561;;98561;1401805;0;1500366;0,065691305;224664,2619;
2018;Hauts Bassins;Kénédougou;SORGHO;44019;;44019;421563;0;465582;0,094546181;323347,9387;
2018;Hauts Bassins;Tuy;SORGHO;43759;;43759;335173;0;378932;0,115479822;394940,9921;
2018;Nord;Loroum;SORGHO;12337;500;12837;199654;0;212491;0,06041197;206608,9387;
2018;Nord;Passoré;SORGHO;52954;;52954;435834;0;488788;0,108337357;370513,7606;
2018;Nord;Yatenga;SORGHO;59393;1750;61143;762041;0;823184;0,074276225;254024,6895;
2018;Nord;Zondoma;SORGHO;26296;;26296;234620;0;260916;0,100783394;344679,2071;
2018;Plateau Central;Ganzourgou;SORGHO;42754;;42754;439833;0;482587;0,088593352;302989,2641;
2018;Plateau Central;Kourwéogo;SORGHO;28440;;28440;185098;0;213538;0,133184726;455491,7626;
2018;Plateau Central;Oubritenga;SORGHO;51524;;51524;324766;0;376290;0,136926307;468287,9694;
2018;Sahel;Oudalan;SORGHO;18805;;18805;288036;0;306841;0,061285813;209597,4788;
2018;Sahel;Séno;SORGHO;29631;2643;32274;374868;0;407142;0,079269641;271102,1707;
2018;Sahel;Soum;SORGHO;13564;520;14084;500999;0;515083;0,027343166;93513,6279;
2018;Sahel;Yagha;SORGHO;36060;;36060;231206;0;267266;0,134921763;461432,4306;
2018;Sud Ouest;Bougouriba;SORGHO;22222;;22222;144000;0;166222;0,133688681;457215,2904;
2018;Sud Ouest;Ioba;SORGHO;38018;;38018;259413;0;297431;0,127821243;437148,6496;
2018;Sud Ouest;Noumbiel;SORGHO;11460;;11460;100608;0;112068;0,102259343;349726,9515;
2018;Sud Ouest;Poni;SORGHO;29183;;29183;362641;0;391824;0,074479869;254721,1503;
2019;Boucle du Mouhoun;Balé;SORGHO;30998;;30998;297468;1476;328466;0,09437202;322752,3092;
2019;Boucle du Mouhoun;Banwa;SORGHO;47404;;47404;346989;786;394393;0,120194831;411066,3222;
2019;Boucle du Mouhoun;Kossi;SORGHO;50061;;50061;357089;37656;407150;0,122954685;420505,0227;
2019;Boucle du Mouhoun;Mouhoun;SORGHO;136611;;136611;391561;373;528172;0,258648698;884578,5464;
2019;Boucle du Mouhoun;Nayala;SORGHO;37581;;37581;223151;61;260732;0,144136508;492946,8573;
2019;Boucle du Mouhoun;Sourou;SORGHO;49381;;49381;285011;2924;334392;0,147673987;505045,037;
2019;Cascades;Comoé;SORGHO;16399;;16399;633043;1608;649442;0,025250908;86358,10434;
2019;Cascades;Léraba;SORGHO;2441;;2441;179423;0;181864;0,013422118;45903,64228;
2019;Centre;Kadiogo;SORGHO;31779; 4 323,950 ;36102,95;3030384;8574;3066486,95;0,011773391;40264,99738;
2019;Centre Est;Boulgou;SORGHO;21877;1162;23039;737843;64;760882;0,030279334;103555,3213;
2019;Centre Est;Koulpélgo;SORGHO;30313;;30313;362644;1521;392957;0,077140756;263821,385;
2019;Centre Est;Kouritenga;SORGHO;69408;500;69908;480021;0;549929;0,127121865;434756,7777;
2019;Centre Nord;Bam;SORGHO;49166;;49166;476054;121046;525220;0,093610297;320147,2145;
2019;Centre Nord;Namentenga;SORGHO;36585;;36585;513796;100209;550381;0,066472135;227334,7009;
2019;Centre Nord;Sanmatenga;SORGHO;82492;3500;85992;884819;880940;970811;0,088577488;302935,01;
2019;Centre Ouest;Boulkièmdé;SORGHO;56159;;56159;689709;408;745868;0,075293484;257503,7138;
2019;Centre Ouest;Sanguié;SORGHO;67023;;67023;391617;676;458640;0,146134223;499779,0424;
2019;Centre Ouest;Sissili;SORGHO;34357;;34357;337078;1902;371435;0,092498014;316343,2094;
2019;Centre Ouest;Ziro;SORGHO;46969;;46969;241731;828;288700;0,162691375;556404,5029;
2019;Centre Sud;Bazèga;SORGHO;33221;;33221;280870;494;314091;0,10576871;361728,9894;
2019;Centre Sud;Nahouri;SORGHO;29313;;29313;195816;74;225129;0,130205349;445302,2934;
2019;Centre Sud;Zoundweogo;SORGHO;41621;;41621;312045;1722;353666;0,117684482;402480,9283;
2019;Est;Gnagna;SORGHO;86676;;86676;676476;861;763152;0,113576326;388431,0334;
2019;Est;Gourma;SORGHO;67215;2500;69715;437310;41060;507025;0,137498151;470243,6763;
2019;Est;Komandjoari;SORGHO;15363;;15363;105604;14105;120967;0,127001579;434345,4;
2019;Est;Kompienga;SORGHO;7941;;7941;117682;8350;125623;0,063212947;216188,2776;
2019;Est;Tapoa;SORGHO;109135;;109135;605733;0;714868;0,152664548;522112,7537;
2019;Hauts Bassins;Houet;SORGHO;80955;;80955;1510638;2693;1591593;0,050864134;173955,3391;
2019;Hauts Bassins;Kénédougou;SORGHO;19349;;19349;399949;1556;419298;0,046146178;157819,9276;
2019;Hauts Bassins;Tuy;SORGHO;40762;;40762;329253;1972;370015;0,110163101;376757,8071;
2019;Nord;Loroum;SORGHO;8193;1000;9193;198192;73943;207385;0,044328182;151602,382;
2019;Nord;Passoré;SORGHO;56357;;56357;457930;403;514287;0,109582782;374773,1131;
2019;Nord;Yatenga;SORGHO;51683;4750;56433;825975;67127;882408;0,063953409;218720,6598;
2019;Nord;Zondoma;SORGHO;27081;;27081;240018;85;267099;0,101389372;346751,6539;
2019;Plateau Central;Ganzourgou;SORGHO;44114;;44114;482763;748;526877;0,083727322;286347,4397;
2019;Plateau Central;Kourwéogo;SORGHO;25858;;25858;181242;2055;207100;0,124857557;427012,844;
2019;Plateau Central;Oubritenga;SORGHO;44684;;44684;314609;11009;359293;0,124366464;425333,3074;
2019;Sahel;Oudalan;SORGHO;13105;;13105;158206;150280;171311;0,076498298;261624,1806;
2019;Sahel;Séno;SORGHO;26129;2643;28772;404716;72054;433488;0,066373233;226996,4566;
2019;Sahel;Soum;SORGHO;8506;1900;10406;363661;1111074;374067;0,027818546;95139,42689;
2019;Sahel;Yagha;SORGHO;28511;;28511;171594;4258;200105;0,142480198;487282,2768;
2019;Sud Ouest;Bougouriba;SORGHO;16827;;16827;153653;610;170480;0,09870366;337566,5181;
2019;Sud Ouest;Ioba;SORGHO;42948;;42948;265956;412;308904;0,139033486;475494,5226;
2019;Sud Ouest;Noumbiel;SORGHO;13715;;13715;98915;72;112630;0,121770399;416454,7634;
2019;Sud Ouest;Poni;SORGHO;35528;500;36028;356918;509;392946;0,091686898;313569,1927;
2020;Boucle du Mouhoun;Balé;SORGHO;36643;;36643;301065;58123;337708;0,108504981;371087,0338;
2020;Boucle du Mouhoun;Banwa;SORGHO;63581;;63581;350541;17080;414122;0,153532051;525079,6142;
2020;Boucle du Mouhoun;Kossi;SORGHO;38495;;38495;360409;139035;398904;0,096501915;330036,5501;
2020;Boucle du Mouhoun;Mouhoun;SORGHO;93257;;93257;395815;9010;489072;0,190681536;652130,8519;
2020;Boucle du Mouhoun;Nayala;SORGHO;29544;;29544;225439;2511;254983;0,115866548;396263,594;
2020;Boucle du Mouhoun;Sourou;SORGHO;42597;;42597;287479;77321;330076;0,129052097;441358,1721;
2020;Cascades;Comoé;SORGHO;17745;;17745;646302;56890;664047;0,026722506;91390,97082;
2020;Cascades;Léraba;SORGHO;638;;638;181903;317;182541;0,003495105;11953,25982;
2020;Centre;Kadiogo;SORGHO;22522; 4 823,950 ;27345,95;3107564;11561;3134909,95;0,008723042;29832,80237;
2020;Centre Est;Boulgou;SORGHO;45643;1162;46805;746943;25914;793748;0,058967078;201667,4058;
2020;Centre Est;Koulpélgo;SORGHO;22691;;22691;367814;40380;390505;0,05810681;198725,2916;
2020;Centre Est;Kouritenga;SORGHO;58152;500;58652;486656;125307;545308;0,107557564;367846,8682;
2020;Centre Nord;Bam;SORGHO;58986;;58986;484023;687948,2667;543009;0,108628034;371507,8756;
2020;Centre Nord;Namentenga;SORGHO;49707;;49707;521411;621774,8753;571118;0,087034553;297658,1722;
2020;Centre Nord;Sanmatenga;SORGHO;140659;786;141445;896818;3027743,008;1038263;0,136232342;465914,6093;
2020;Centre Ouest;Boulkièmdé;SORGHO;90305;;90305;696694;1412;786999;0,114746016;392431,3754;
2020;Centre Ouest;Sanguié;SORGHO;64922;;64922;395251;6336;460173;0,141081724;482499,4948;
2020;Centre Ouest;Sissili;SORGHO;38148;;38148;342590;20247;380738;0,100194885;342666,5056;
2020;Centre Ouest;Ziro;SORGHO;44523;;44523;245437;29094;289960;0,153548765;525136,7775;
2020;Centre Sud;Bazèga;SORGHO;36442;;36442;282453;5776;318895;0,114275859;390823,4372;
2020;Centre Sud;Nahouri;SORGHO;21243;;21243;197910;3017;219153;0,09693228;331508,3982;
2020;Centre Sud;Zoundweogo;SORGHO;28583;;28583;315105;15153;343688;0,083165545;284426,1656;
2020;Est;Gnagna;SORGHO;78335;;78335;687542;34461;765877;0,102281437;349802,514;
2020;Est;Gourma;SORGHO;62082;1000;63082;443725;324750;506807;0,124469473;425685,5963;
2020;Est;Komandjoari;SORGHO;14734;;14734;107324;53180;122058;0,120713104;412838,8143;
2020;Est;Kompienga;SORGHO;6838;;6838;120440;44961;127278;0,053724917;183739,2165;
2020;Est;Tapoa;SORGHO;46865;;46865;617753;39149;664618;0,07051419;241158,5302;
2020;Hauts Bassins;Houet;SORGHO;45416;;45416;1536683;65450;1582099;0,028706168;98175,09524;
2020;Hauts Bassins;Kénédougou;SORGHO;24585;;24585;406042;23896;430627;0,057091172;195251,8072;
2020;Hauts Bassins;Tuy;SORGHO;27367;;27367;334356;32324;361723;0,07565734;258748,1028;
2020;Nord;Loroum;SORGHO;14016;500;14516;200616;328823;215132;0,067474853;230763,9961;
2020;Nord;Passoré;SORGHO;57784;;57784;462873;16553;520657;0,110982854;379561,3619;
2020;Nord;Yatenga;SORGHO;76384;3000;79384;836622;352450;916006;0,086663188;296388,1023;
2020;Nord;Zondoma;SORGHO;29150;;29150;243237;6222;272387;0,107016855;365997,6431;
2020;Plateau Central;Ganzourgou;SORGHO;62599;;62599;489042;26083;551641;0,113477787;388094,0322;
2020;Plateau Central;Kourwéogo;SORGHO;21763;;21763;182860;8893;204623;0,106356568;363739,4623;
2020;Plateau Central;Oubritenga;SORGHO;41361;;41361;317702;93907;359063;0,115191485;393954,877;
2020;Sahel;Oudalan;SORGHO;6053;;6053;158903;420085;164956;0,036694634;125495,6473;
2020;Sahel;Séno;SORGHO;16402;2143;18545;410512;931436;429057;0,043222695;147821,6181;
2020;Sahel;Soum;SORGHO;1477;1500;2977;366677;2337945;369654;0,008053477;27542,89146;
2020;Sahel;Yagha;SORGHO;43679;;43679;173106;20443;216785;0,201485343;689079,8718;
2020;Sud Ouest;Bougouriba;SORGHO;14467;;14467;155908;2529;170375;0,084912693;290401,4087;
2020;Sud Ouest;Ioba;SORGHO;39778;;39778;268705;2642;308483;0,128947138;440999,2123;
2020;Sud Ouest;Noumbiel;SORGHO;19818;;19818;100303;9229;120121;0,164983641;564244,0539;
2020;Sud Ouest;Poni;SORGHO;43595;500;44095;361483;14447;405578;0,10872138;371827,1208;
2021;Boucle du Mouhoun;Balé;SORGHO;37782;;37782;309327;139863;347109;0,108847653;372258,9734;
2021;Boucle du Mouhoun;Banwa;SORGHO;59928;;59928;359548;29540;419476;0,142863954;488594,7229;
2021;Boucle du Mouhoun;Kossi;SORGHO;35544;;35544;369317;245460;404861;0,087793094;300252,3829;
2021;Boucle du Mouhoun;Mouhoun;SORGHO;84508;;84508;406243;14635;490751;0,172201381;588928,7235;
2021;Boucle du Mouhoun;Nayala;SORGHO;46162;;46162;231239;4881;277401;0,166408917;569118,4963;
2021;Boucle du Mouhoun;Sourou;SORGHO;33662;;33662;294417;124864;328079;0,102603336;350903,4105;
2021;Cascades;Comoé;SORGHO;14221;;14221;669676;138814;683897;0,020794067;71115,70894;
2021;Cascades;Léraba;SORGHO;1206;;1206;187214;960;188420;0,006400594;21890,03291;
2021;Centre;Kadiogo;SORGHO;25323;;25323;3233764;12612;3259087;0,007769967;26573,28878;
2021;Centre Est;Boulgou;SORGHO;42873;517;43390;767642;68296;811032;0,053499739;182969,106;
2021;Centre Est;Koulpélgo;SORGHO;18892;;18892;378711;64558;397603;0,047514732;162500,3835;
2021;Centre Est;Kouritenga;SORGHO;59981;500;60481;500878;253013;561359;0,107740323;368471,9048;
2021;Centre Nord;Bam;SORGHO;31836;;31836;499530;883346;531366;0,059913506;204904,1903;
2021;Centre Nord;Namentenga;SORGHO;28076;;28076;537150;1006753;565226;0,049672167;169878,8095;
2021;Centre Nord;Sanmatenga;SORGHO;89916;540;90456;922771;3909532;1013227;0,089275157;305321,0386;
2021;Centre Ouest;Boulkièmdé;SORGHO;71601;;71601;714501;4680;786102;0,0910836;311505,9114;
2021;Centre Ouest;Sanguié;SORGHO;93542;;93542;405034;15594;498576;0,187618337;641654,7126;
2021;Centre Ouest;Sissili;SORGHO;37772;;37772;353446;59708;391218;0,09654975;330200,1442;
2021;Centre Ouest;Ziro;SORGHO;47898;;47898;252954;112560;300852;0,15920785;544490,846;
2021;Centre Sud;Bazèga;SORGHO;35607;;35607;288437;12542;324044;0,109883226;375800,632;
2021;Centre Sud;Nahouri;SORGHO;27901;;27901;203077;16256;230978;0,120795054;413119,0849;
2021;Centre Sud;Zoundweogo;SORGHO;45403;;45403;323060;20840;368463;0,123222685;421421,581;
2021;Est;Gnagna;SORGHO;51347;;51347;709308;101948;760655;0,067503665;230862,5329;
2021;Est;Gourma;SORGHO;62671;500;63171;457042;833297;520213;0,121432952;415300,6941;
2021;Est;Komandjoari;SORGHO;15445;;15445;110727;226864;126172;0,122412263;418649,9382;
2021;Est;Kompienga;SORGHO;6065;;6065;125074;135198;131139;0,046248637;158170,3383;
2021;Est;Tapoa;SORGHO;71784;;71784;639452;91737;711236;0,100928524;345175,5535;
2021;Hauts Bassins;Houet;SORGHO;42930;;42930;1586697;168415;1629627;0,026343452;90094,60447;
2021;Hauts Bassins;Kénédougou;SORGHO;12320;;12320;418468;39274;430788;0,028598754;97807,73838;
2021;Hauts Bassins;Tuy;SORGHO;26186;;26186;344655;65421;370841;0,070612473;241494,6567;
2021;Nord;Loroum;SORGHO;5055;;5055;206181;565421;211236;0,02393058;81842,58365;
2021;Nord;Passoré;SORGHO;51605;;51605;475005;42846;526610;0,097994721;335141,9457;
2021;Nord;Yatenga;SORGHO;37004;2000;39004;860286;786532;899290;0,043371993;148332,2176;
2021;Nord;Zondoma;SORGHO;9449;;9449;250224;17141;259673;0,036388073;124447,2086;
2021;Plateau Central;Ganzourgou;SORGHO;68116;;68116;502945;57433;571061;0,119279727;407936,6653;
2021;Plateau Central;Kourwéogo;SORGHO;12412;;12412;187312;16924;199724;0,062145761;212538,5031;
2021;Plateau Central;Oubritenga;SORGHO;28842;;28842;325725;112717;354567;0,081344288;278197,4634;
2021;Sahel;Oudalan;SORGHO;651;;651;162068;876663;162719;0,004000762;13682,60621;
2021;Sahel;Séno;SORGHO;12558;500;13058;422690;1279977;435748;0,029966862;102486,6666;
2021;Sahel;Soum;SORGHO;8234;;8234;375398;3082603;383632;0,021463277;73404,40839;
2021;Sahel;Yagha;SORGHO;23904;;23904;177309;139362;201213;0,118799481;406294,2255;
2021;Sud Ouest;Bougouriba;SORGHO;15683;;15683;160594;15258;176277;0,088967931;304270,3245;
2021;Sud Ouest;Ioba;SORGHO;40147;;40147;275633;5426;315780;0,127135981;434805,0542;
2021;Sud Ouest;Noumbiel;SORGHO;17714;;17714;103249;30252;120963;0,146441474;500829,8405;
2021;Sud Ouest;Poni;SORGHO;53967;;53967;371666;84025;425633;0,12679233;433629,7702;
2018;Boucle du Mouhoun;Balé;MAIS;79207;;79207;296750;0;375957;0,210681009;756344,8213;
2018;Boucle du Mouhoun;Banwa;MAIS;36489;;36489;372067;0;408556;0,089312114;320630,4888;
2018;Boucle du Mouhoun;Kossi;MAIS;7621;;7621;378353;0;385974;0,019744853;70884,02328;
2018;Boucle du Mouhoun;Mouhoun;MAIS;62487;;62487;412549;0;475036;0,131541609;472234,378;
2018;Boucle du Mouhoun;Nayala;MAIS;5976;;5976;221193;0;227169;0,026306406;94439,99842;
2018;Boucle du Mouhoun;Sourou;MAIS;25394;;25394;295305;0;320699;0,079183284;284267,9896;
2018;Cascades;Comoé;MAIS;138115;;138115;645943;0;784058;0,17615406;632393,0755;
2018;Cascades;Léraba;MAIS;50908;;50908;176502;0;227410;0,223859989;803657,359;
2018;Centre;Kadiogo;MAIS;20413;;20413;2854356;0;2874769;0,007100744;25491,67255;
2018;Centre Est;Boulgou;MAIS;74763;;74763;766784;0;841547;0,088839958;318935,4486;
2018;Centre Est;Koulpélgo;MAIS;76712;;76712;374239;0;450951;0,170111609;610700,6748;
2018;Centre Est;Kouritenga;MAIS;6754;;6754;466970;0;473724;0,014257247;51183,51614;
2018;Centre Nord;Bam;MAIS;2434;;2434;387253;0;389687;0,006246038;22423,27817;
2018;Centre Nord;Namentenga;MAIS;3104;;3104;462757;0;465861;0,006662932;23919,92461;
2018;Centre Nord;Sanmatenga;MAIS;7133;;7133;837848;0;844981;0,00844161;30305,37965;
2018;Centre Ouest;Boulkièmdé;MAIS;6276;;6276;682747;0;689023;0,009108549;32699,69217;
2018;Centre Ouest;Sanguié;MAIS;5148;;5148;399993;0;405141;0,012706687;45617,00741;
2018;Centre Ouest;Sissili;MAIS;149660;;149660;298630;0;448290;0,333846394;1198508,555;
2018;Centre Ouest;Ziro;MAIS;42366;;42366;262018;0;304384;0,139186028;499677,8411;
2018;Centre Sud;Bazèga;MAIS;16385;;16385;311554;0;327939;0,04996356;179369,1815;
2018;Centre Sud;Nahouri;MAIS;49798;;49798;221543;0;271341;0,183525527;658856,6416;
2018;Centre Sud;Zoundweogo;MAIS;31635;;31635;338830;0;370465;0,085392682;306559,729;
2018;Est;Gnagna;MAIS;17454;;17454;579680;0;597134;0,02922962;104934,3363;
2018;Est;Gourma;MAIS;17686;;17686;443115;0;460801;0,038380993;137787,7652;
2018;Est;Komandjoari;MAIS;979;;979;122114;0;123093;0,007953336;28552,47658;
2018;Est;Kompienga;MAIS;24427;;24427;125961;0;150388;0,162426523;583111,219;
2018;Est;Tapoa;MAIS;36515;;36515;506868;0;543383;0,067199379;241245,7696;
2018;Hauts Bassins;Houet;MAIS;152573;;152573;1401805;0;1554378;0,098156948;352383,4421;
2018;Hauts Bassins;Kénédougou;MAIS;179892;;179892;421563;0;601455;0,299094695;1073749,956;
2018;Hauts Bassins;Tuy;MAIS;149339;;149339;335173;0;484512;0,308225596;1106529,89;
2018;Nord;Loroum;MAIS;602;;602;199654;0;200256;0,003006152;10792,08613;
2018;Nord;Passoré;MAIS;1473;;1473;435834;0;437307;0,003368343;12092,3516;
2018;Nord;Yatenga;MAIS;5062;;5062;762041;0;767103;0,006598853;23689,88258;
2018;Nord;Zondoma;MAIS;3211;;3211;234620;0;237831;0,013501184;48469,24917;
2018;Plateau Central;Ganzourgou;MAIS;42705;;42705;439833;0;482538;0,088500802;317717,8792;
2018;Plateau Central;Kourwéogo;MAIS;849;;849;185098;0;185947;0,004565817;16391,28354;
2018;Plateau Central;Oubritenga;MAIS;4099;;4099;324766;0;328865;0,012464081;44746,05081;
2018;Sahel;Oudalan;MAIS;171;;171;288036;0;288207;0,000593324;2130,03154;
2018;Sahel;Séno;MAIS;851;;851;374868;0;375719;0,002264991;8131,316223;
2018;Sahel;Soum;MAIS;3382;;3382;500999;0;504381;0,006705249;24071,84252;
2018;Sahel;Yagha;MAIS;1272;;1272;231206;0;232478;0,005471485;19642,63285;
2018;Sud Ouest;Bougouriba;MAIS;35790;;35790;144000;0;179790;0,199065577;714645,4197;
2018;Sud Ouest;Ioba;MAIS;31753;;31753;259413;0;291166;0,109054629;391506,1168;
2018;Sud Ouest;Noumbiel;MAIS;23190;;23190;100608;0;123798;0,187321281;672483,4004;
2018;Sud Ouest;Poni;MAIS;68076;;68076;362641;0;430717;0,158052735;567409,3198;
2019;Boucle du Mouhoun;Balé;MAIS;60052;;60052;297468;1476;357520;0,167968226;603005,9297;
2019;Boucle du Mouhoun;Banwa;MAIS;47247;;47247;346989;786;394236;0,119844459;430241,6066;
2019;Boucle du Mouhoun;Kossi;MAIS;7612;;7612;357089;37656;364701;0,020871892;74930,09342;
2019;Boucle du Mouhoun;Mouhoun;MAIS;57830;;57830;391561;373;449391;0,128685265;461980,102;
2019;Boucle du Mouhoun;Nayala;MAIS;6421;;6421;223151;61;229572;0,027969439;100410,2852;
2019;Boucle du Mouhoun;Sourou;MAIS;25993;;25993;285011;2924;311004;0,083577703;300043,9544;
2019;Cascades;Comoé;MAIS;130289;;130289;633043;1608;763332;0,170684578;612757,6336;
2019;Cascades;Léraba;MAIS;60097;;60097;179423;0;239520;0,250905979;900752,4633;
2019;Centre;Kadiogo;MAIS;40510;18618,12;59128,12;3030384;8574;3089512,12;0,019138336;68706,62504;
2019;Centre Est;Boulgou;MAIS;72489;1000;73489;737843;64;811332;0,09057821;325175,7727;
2019;Centre Est;Koulpélgo;MAIS;82241;;82241;362644;1521;444885;0,184859009;663643,8405;
2019;Centre Est;Kouritenga;MAIS;8992;;8992;480021;0;489013;0,018388059;66013,13258;
2019;Centre Nord;Bam;MAIS;2495;;2495;476054;121046;478549;0,005213677;18717,10107;
2019;Centre Nord;Namentenga;MAIS;4052;;4052;513796;100209;517848;0,00782469;28090,63663;
2019;Centre Nord;Sanmatenga;MAIS;7377;1250,1;8627,1;884819;880940;893446,1;0,009655983;34664,97755;
2019;Centre Ouest;Boulkièmdé;MAIS;4266;;4266;689709;408;693975;0,006147196;22068,43186;
2019;Centre Ouest;Sanguié;MAIS;7245;;7245;391617;676;398862;0,018164177;65209,39573;
2019;Centre Ouest;Sissili;MAIS;127535;;127535;337078;1902;464613;0,27449727;985445,1985;
2019;Centre Ouest;Ziro;MAIS;40559;;40559;241731;828;282290;0,143678487;515805,7671;
2019;Centre Sud;Bazèga;MAIS;19922;;19922;280870;494;300792;0,066231815;237772,2147;
2019;Centre Sud;Nahouri;MAIS;52188;;52188;195816;74;248004;0,21043209;755451,2024;
2019;Centre Sud;Zoundweogo;MAIS;35265;;35265;312045;1722;347310;0,101537531;364519,7374;
2019;Est;Gnagna;MAIS;14610;500,04;15110,04;676476;861;691586,04;0,021848388;78435,71221;
2019;Est;Gourma;MAIS;22429;5500;27929;437310;41060;465239;0,060031511;215513,1234;
2019;Est;Komandjoari;MAIS;1469;;1469;105604;14105;107073;0,013719612;49253,40655;
2019;Est;Kompienga;MAIS;16654;;16654;117682;8350;134336;0,123972725;445062,0831;
2019;Est;Tapoa;MAIS;35581;;35581;605733;0;641314;0,055481402;199178,2341;
2019;Hauts Bassins;Houet;MAIS;164365;;164365;1510638;2693;1675003;0,098128182;352280,175;
2019;Hauts Bassins;Kénédougou;MAIS;170638;;170638;399949;1556;570587;0,299056936;1073614,401;
2019;Hauts Bassins;Tuy;MAIS;192376;;192376;329253;1972;521629;0,368798514;1323986,665;
2019;Nord;Loroum;MAIS;335;;335;198192;73943;198527;0,001687428;6057,866184;
2019;Nord;Passoré;MAIS;2010;;2010;457930;403;459940;0,004370135;15688,78549;
2019;Nord;Yatenga;MAIS;4616;500,04;5116,04;825975;67127;831091,04;0,006155812;22099,36423;
2019;Nord;Zondoma;MAIS;5030;;5030;240018;85;245048;0,020526591;73690,46064;
2019;Plateau Central;Ganzourgou;MAIS;30407;;30407;482763;748;513170;0,059253269;212719,2353;
2019;Plateau Central;Kourwéogo;MAIS;951;;951;181242;2055;182193;0,00521974;18738,86483;
2019;Plateau Central;Oubritenga;MAIS;6213;;6213;314609;11009;320822;0,019365879;69523,50525;
2019;Sahel;Oudalan;MAIS;316;750,06;1066,06;158206;150280;159272,06;0,006693327;24029,04439;
2019;Sahel;Séno;MAIS;228;;228;404716;72054;404944;0,000563041;2021,316528;
2019;Sahel;Soum;MAIS;878;;878;363661;1111074;364539;0,002408521;8646,591997;
2019;Sahel;Yagha;MAIS;1421;;1421;171594;4258;173015;0,008213161;29485,24694;
2019;Sud Ouest;Bougouriba;MAIS;22598;3000;25598;153653;610;179251;0,14280534;512671,1706;
2019;Sud Ouest;Ioba;MAIS;39343;;39343;265956;412;305299;0,128867111;462632,9271;
2019;Sud Ouest;Noumbiel;MAIS;26286;;26286;98915;72;125201;0,2099504;753721,9351;
2019;Sud Ouest;Poni;MAIS;51471;;51471;356918;509;408389;0,126034247;452462,9459;
2020;Boucle du Mouhoun;Balé;MAIS;77289;;77289;301065;58123;378354;0,204276947;733354,2397;
2020;Boucle du Mouhoun;Banwa;MAIS;69696;;69696;350541;17080;420237;0,165849271;595398,8821;
2020;Boucle du Mouhoun;Kossi;MAIS;11818;;11818;360409;139035;372227;0,031749443;113980,5011;
2020;Boucle du Mouhoun;Mouhoun;MAIS;84006;;84006;395815;9010;479821;0,175077789;628529,264;
2020;Boucle du Mouhoun;Nayala;MAIS;7865;;7865;225439;2511;233304;0,033711381;121023,8573;
2020;Boucle du Mouhoun;Sourou;MAIS;29637;;29637;287479;77321;317116;0,093457914;335513,9129;
2020;Cascades;Comoé;MAIS;154698;;154698;646302;56890;801000;0,193131086;693340,5993;
2020;Cascades;Léraba;MAIS;60700;;60700;181903;317;242603;0,250203007;898228,7935;
2020;Centre;Kadiogo;MAIS;30544;12364,12;42908,12;3107564;11561;3150472,12;0,013619584;48894,30693;
2020;Centre Est;Boulgou;MAIS;86508;1000;87508;746943;25914;834451;0,10486895;376479,5297;
2020;Centre Est;Koulpélgo;MAIS;50958;;50958;367814;40380;418772;0,121684353;436846,8283;
2020;Centre Est;Kouritenga;MAIS;9353;;9353;486656;125307;496009;0,018856513;67694,88054;
2020;Centre Nord;Bam;MAIS;3726;;3726;484023;687948,2667;487749;0,007639175;27424,63849;
2020;Centre Nord;Namentenga;MAIS;5605;;5605;521411;621774,8753;527016;0,010635351;38180,90912;
2020;Centre Nord;Sanmatenga;MAIS;7677;750,06;8427,06;896818;3027743,008;905245,06;0,009309148;33419,84037;
2020;Centre Ouest;Boulkièmdé;MAIS;8419;;8419;696694;1412;705113;0,01193993;42864,3494;
2020;Centre Ouest;Sanguié;MAIS;14458;;14458;395251;6336;409709;0,035288461;126685,5744;
2020;Centre Ouest;Sissili;MAIS;81837;;81837;342590;20247;424427;0,192817611;692215,2219;
2020;Centre Ouest;Ziro;MAIS;40124;;40124;245437;29094;285561;0,140509383;504428,686;
2020;Centre Sud;Bazèga;MAIS;29798;;29798;282453;5776;312251;0,095429638;342592,4016;
2020;Centre Sud;Nahouri;MAIS;51603;;51603;197910;3017;249513;0,206814875;742465,4026;
2020;Centre Sud;Zoundweogo;MAIS;39750;;39750;315105;15153;354855;0,112017585;402143,1289;
2020;Est;Gnagna;MAIS;7884;500,04;8384,04;687542;34461;695926,04;0,012047315;43249,85971;
2020;Est;Gourma;MAIS;19092;3500;22592;443725;324750;466317;0,04844773;173927,3498;
2020;Est;Komandjoari;MAIS;2814;;2814;107324;53180;110138;0,025549765;91723,65578;
2020;Est;Kompienga;MAIS;17063;;17063;120440;44961;137503;0,124091838;445489,6984;
2020;Est;Tapoa;MAIS;40024;;40024;617753;39149;657777;0,060847369;218442,0556;
2020;Hauts Bassins;Houet;MAIS;212784;;212784;1536683;65450;1749467;0,121627902;436644,1665;
2020;Hauts Bassins;Kénédougou;MAIS;214736;;214736;406042;23896;620778;0,34591432;1241832,41;
2020;Hauts Bassins;Tuy;MAIS;192500;;192500;334356;32324;526856;0,365374979;1311696,175;
2020;Nord;Loroum;MAIS;2946;;2946;200616;328823;203562;0,014472249;51955,37478;
2020;Nord;Passoré;MAIS;5090;;5090;462873;16553;467963;0,010876928;39048,17261;
2020;Nord;Yatenga;MAIS;10670;500,04;11170,04;836622;352450;847792,04;0,013175448;47299,85858;
2020;Nord;Zondoma;MAIS;18011;;18011;243237;6222;261248;0,068942155;247502,3349;
2020;Plateau Central;Ganzourgou;MAIS;34160;;34160;489042;26083;523202;0,06529027;234392,0704;
2020;Plateau Central;Kourwéogo;MAIS;2830;;2830;182860;8893;185690;0,015240455;54713,23173;
2020;Plateau Central;Oubritenga;MAIS;14875;;14875;317702;93907;332577;0,044726484;160568,079;
2020;Sahel;Oudalan;MAIS;386;750,06;1136,06;158903;420085;160039,06;0,007098642;25484,12494;
2020;Sahel;Séno;MAIS;147;;147;410512;931436;410659;0,000357961;1285,080809;
2020;Sahel;Soum;MAIS;894;;894;366677;2337945;367571;0,002432183;8731,53758;
2020;Sahel;Yagha;MAIS;3188;;3188;173106;20443;176294;0,018083429;64919,50946;
2020;Sud Ouest;Bougouriba;MAIS;25110;3000;28110;155908;2529;184018;0,152756796;548396,896;
2020;Sud Ouest;Ioba;MAIS;38037;;38037;268705;2642;306742;0,124003234;445171,61;
2020;Sud Ouest;Noumbiel;MAIS;24322;;24322;100303;9229;124625;0,195161484;700629,7292;
2020;Sud Ouest;Poni;MAIS;76469;;76469;361483;14447;437952;0,174605893;626835,1555;
2021;Boucle du Mouhoun;Balé;MAIS;92723;;92723;309327;139863;402050;0,230625544;827945,7033;
2021;Boucle du Mouhoun;Banwa;MAIS;53642;;53642;359548;29540;413190;0,129824052;466068,3463;
2021;Boucle du Mouhoun;Kossi;MAIS;15119;;15119;369317;245460;384436;0,039327742;141186,5954;
2021;Boucle du Mouhoun;Mouhoun;MAIS;97132;;97132;406243;14635;503375;0,19296151;692731,8202;
2021;Boucle du Mouhoun;Nayala;MAIS;10040;;10040;231239;4881;241279;0,041611578;149385,5661;
2021;Boucle du Mouhoun;Sourou;MAIS;43202;;43202;294417;124864;337619;0,127960808;459379,3003;
2021;Cascades;Comoé;MAIS;207903;;207903;669676;138814;877579;0,236905168;850489,5514;
2021;Cascades;Léraba;MAIS;59947;;59947;187214;960;247161;0,24254231;870726,8946;
2021;Centre;Kadiogo;MAIS;24172;1000;25172;3233764;12612;3258936;0,007723993;27729,13614;
2021;Centre Est;Boulgou;MAIS;63187;1000;64187;767642;68296;831829;0,077163696;277017,6683;
2021;Centre Est;Koulpélgo;MAIS;49541;;49541;378711;64558;428252;0,115681888;415297,9788;
2021;Centre Est;Kouritenga;MAIS;7123;;7123;500878;253013;508001;0,014021626;50337,63713;
2021;Centre Nord;Bam;MAIS;1235;;1235;499530;883346;500765;0,002466227;8853,753757;
2021;Centre Nord;Namentenga;MAIS;3033;;3033;537150;1006753;540183;0,005614764;20157,00235;
2021;Centre Nord;Sanmatenga;MAIS;6113;;6113;922771;3909532;928884;0,006581015;23625,84564;
2021;Centre Ouest;Boulkièmdé;MAIS;6070;;6070;714501;4680;720571;0,008423875;30241,71109;
2021;Centre Ouest;Sanguié;MAIS;12080;;12080;405034;15594;417114;0,028960908;103969,6582;
2021;Centre Ouest;Sissili;MAIS;66942;;66942;353446;59708;420388;0,159238608;571666,6032;
2021;Centre Ouest;Ziro;MAIS;38509;;38509;252954;112560;291463;0,132123117;474321,9894;
2021;Centre Sud;Bazèga;MAIS;22451;;22451;288437;12542;310888;0,072215718;259254,426;
2021;Centre Sud;Nahouri;MAIS;45098;;45098;203077;16256;248175;0,181718545;652369,5779;
2021;Centre Sud;Zoundweogo;MAIS;33564;;33564;323060;20840;356624;0,094115932;337876,1945;
2021;Est;Gnagna;MAIS;4251;;4251;709308;101948;713559;0,005957461;21387,28542;
2021;Est;Gourma;MAIS;9113;;9113;457042;833297;466155;0,019549292;70181,95665;
2021;Est;Komandjoari;MAIS;2064;;2064;110727;226864;112791;0,018299332;65694,60329;
2021;Est;Kompienga;MAIS;16586;;16586;125074;135198;141660;0,117083157;420328,5331;
2021;Est;Tapoa;MAIS;69209;;69209;639452;91737;708661;0,097661646;350605,3106;
2021;Hauts Bassins;Houet;MAIS;147669;;147669;1586697;168415;1734366;0,085142928;305663,1126;
2021;Hauts Bassins;Kénédougou;MAIS;220556;;220556;418468;39274;639024;0,345145096;1239070,896;
2021;Hauts Bassins;Tuy;MAIS;184891;;184891;344655;65421;529546;0,349150027;1253448,596;
2021;Nord;Loroum;MAIS;332;;332;206181;565421;206513;0,001607647;5771,452645;
2021;Nord;Passoré;MAIS;6507;;6507;475005;42846;481512;0,013513682;48514,11803;
2021;Nord;Yatenga;MAIS;3759;;3759;860286;786532;864045;0,004350468;15618,17961;
2021;Nord;Zondoma;MAIS;6290;;6290;250224;17141;256514;0,024521079;88030,67279;
2021;Plateau Central;Ganzourgou;MAIS;30315;;30315;502945;57433;533260;0,056848442;204085,9056;
2021;Plateau Central;Kourwéogo;MAIS;1196;;1196;187312;16924;188508;0,006344558;22776,96437;
2021;Plateau Central;Oubritenga;MAIS;12188;;12188;325725;112717;337913;0,036068455;129485,7552;
2021;Sahel;Oudalan;MAIS;1;369,99;370,99;162068;876663;162438,99;0,002283873;8199,103553;
2021;Sahel;Séno;MAIS;122;;122;422690;1279977;422812;0,000288544;1035,8741;
2021;Sahel;Soum;MAIS;347;;347;375398;3082603;375745;0,000923499;3315,360151;
2021;Sahel;Yagha;MAIS;1711;;1711;177309;139362;179020;0,009557591;34311,75288;
2021;Sud Ouest;Bougouriba;MAIS;27730;;27730;160594;15258;188324;0,147246235;528613,9844;
2021;Sud Ouest;Ioba;MAIS;45504;;45504;275633;5426;321137;0,141696535;508690,5589;
2021;Sud Ouest;Noumbiel;MAIS;25203;;25203;103249;30252;128452;0,196205587;704378,0556;
2021;Sud Ouest;Poni;MAIS;79142;;79142;371666;84025;450808;0,175555891;630245,6478;
2018;Boucle du Mouhoun;Balé;MIL;21123;;21123;296750;0;317873;0,066451067;226598,1383;
2018;Boucle du Mouhoun;Banwa;MIL;25168;;25168;372067;0;397235;0,063357962;216050,6501;
2018;Boucle du Mouhoun;Kossi;MIL;145097;;145097;378353;0;523450;0,277193619;945230,2417;
2018;Boucle du Mouhoun;Mouhoun;MIL;89956;;89956;412549;0;502505;0,179015134;610441,6075;
2018;Boucle du Mouhoun;Nayala;MIL;37689;;37689;221193;0;258882;0,145583702;496440,4246;
2018;Boucle du Mouhoun;Sourou;MIL;18855;;18855;295305;0;314160;0,060017189;204658,6134;
2018;Cascades;Comoé;MIL;1839;;1839;645943;0;647782;0,002838918;9680,710486;
2018;Cascades;Léraba;MIL;1617;;1617;176502;0;178119;0,009078201;30956,6638;
2018;Centre;Kadiogo;MIL;8520;;8520;2854356;0;2862876;0,002976028;10148,25651;
2018;Centre Est;Boulgou;MIL;23986;;23986;766784;0;790770;0,030332461;103433,6912;
2018;Centre Est;Koulpélgo;MIL;8319;;8319;374239;0;382558;0,021745722;74152,91276;
2018;Centre Est;Kouritenga;MIL;8774;;8774;466970;0;475744;0,018442692;62889,57927;
2018;Centre Nord;Bam;MIL;23290;;23290;387253;0;410543;0,056729746;193448,4329;
2018;Centre Nord;Namentenga;MIL;23885;;23885;462757;0;486642;0,049081255;167367,0789;
2018;Centre Nord;Sanmatenga;MIL;45494;1000;46494;837848;0;884342;0,052574683;179279,6678;
2018;Centre Ouest;Boulkièmdé;MIL;33356;;33356;682747;0;716103;0,046579891;158837,4298;
2018;Centre Ouest;Sanguié;MIL;36643;;36643;399993;0;436636;0,083921161;286171,1586;
2018;Centre Ouest;Sissili;MIL;16522;;16522;298630;0;315152;0,052425496;178770,9423;
2018;Centre Ouest;Ziro;MIL;8591;;8591;262018;0;270609;0,031746912;108256,9685;
2018;Centre Sud;Bazèga;MIL;10814;;10814;311554;0;322368;0,033545513;114390,2;
2018;Centre Sud;Nahouri;MIL;6801;;6801;221543;0;228344;0,02978401;101563,4744;
2018;Centre Sud;Zoundweogo;MIL;14902;;14902;338830;0;353732;0,042127939;143656,2708;
2018;Est;Gnagna;MIL;47045;;47045;579680;0;626725;0,075064821;255971,0399;
2018;Est;Gourma;MIL;15445;;15445;443115;0;458560;0,033681525;114853,9995;
2018;Est;Komandjoari;MIL;4562;;4562;122114;0;126676;0,036013136;122804,7933;
2018;Est;Kompienga;MIL;1094;;1094;125961;0;127055;0,008610444;29361,61505;
2018;Est;Tapoa;MIL;23751;;23751;506868;0;530619;0,04476093;152634,7718;
2018;Hauts Bassins;Houet;MIL;23912;3500;27412;1401805;0;1429217;0,019179733;65402,88843;
2018;Hauts Bassins;Kénédougou;MIL;30276;;30276;421563;0;451839;0,067006168;228491,0333;
2018;Hauts Bassins;Tuy;MIL;11169;;11169;335173;0;346342;0,032248471;109967,2867;
2018;Nord;Loroum;MIL;30641;500;31141;199654;0;230795;0,134929266;460108,7979;
2018;Nord;Passoré;MIL;12803;;12803;435834;0;448637;0,028537548;97313,03927;
2018;Nord;Yatenga;MIL;51290;496;51786;762041;0;813827;0,063632689;216987,4679;
2018;Nord;Zondoma;MIL;4355;;4355;234620;0;238975;0,018223664;62142,69275;
2018;Plateau Central;Ganzourgou;MIL;15123;;15123;439833;0;454956;0,033240577;113350,3679;
2018;Plateau Central;Kourwéogo;MIL;9480;;9480;185098;0;194578;0,048720821;166138,0012;
2018;Plateau Central;Oubritenga;MIL;9378;;9378;324766;0;334144;0,028065744;95704,18742;
2018;Sahel;Oudalan;MIL;93430;500;93930;288036;0;381966;0,24591194;838559,7147;
2018;Sahel;Séno;MIL;49139;;49139;374868;0;424007;0,115891955;395191,5652;
2018;Sahel;Soum;MIL;95687;1900;97587;500999;0;598586;0,163029205;555929,5907;
2018;Sahel;Yagha;MIL;16404;1000;17404;231206;0;248610;0,070005229;238717,8311;
2018;Sud Ouest;Bougouriba;MIL;1695;;1695;144000;0;145695;0,011633893;39671,57418;
2018;Sud Ouest;Ioba;MIL;9942;;9942;259413;0;269355;0,036910397;125864,454;
2018;Sud Ouest;Noumbiel;MIL;6937;;6937;100608;0;107545;0,064503231;219956,0184;
2018;Sud Ouest;Poni;MIL;14281;;14281;362641;0;376922;0,037888476;129199,7018;
2019;Boucle du Mouhoun;Balé;MIL;11678;;11678;297468;1476;309146;0,037775032;128812,8586;
2019;Boucle du Mouhoun;Banwa;MIL;16142;;16142;346989;786;363131;0,044452278;151582,2665;
2019;Boucle du Mouhoun;Kossi;MIL;135861;;135861;357089;37656;492950;0,275608074;939823,5318;
2019;Boucle du Mouhoun;Mouhoun;MIL;79005;;79005;391561;373;470566;0,167893558;572517,0327;
2019;Boucle du Mouhoun;Nayala;MIL;24079;;24079;223151;61;247230;0,097395138;332117,421;
2019;Boucle du Mouhoun;Sourou;MIL;17162;;17162;285011;2924;302173;0,05679528;193671,9032;
2019;Cascades;Comoé;MIL;1981;;1981;633043;1608;635024;0,003119567;10637,72393;
2019;Cascades;Léraba;MIL;3023;;3023;179423;0;182446;0,016569286;56501,26613;
2019;Centre;Kadiogo;MIL;6290;5356,45;11646,45;3030384;8574;3042030,45;0,003828512;13055,22583;
2019;Centre Est;Boulgou;MIL;13315;;13315;737843;64;751158;0,017725964;60445,53875;
2019;Centre Est;Koulpélgo;MIL;7166;;7166;362644;1521;369810;0,019377518;66077,33701;
2019;Centre Est;Kouritenga;MIL;5749;;5749;480021;0;485770;0,011834819;40356,73261;
2019;Centre Nord;Bam;MIL;22230;;22230;476054;121046;498284;0,044613112;152130,7126;
2019;Centre Nord;Namentenga;MIL;24078;;24078;513796;100209;537874;0,044765131;152649,0963;
2019;Centre Nord;Sanmatenga;MIL;27761;;27761;884819;880940;912580;0,030420347;103733,3823;
2019;Centre Ouest;Boulkièmdé;MIL;20294;;20294;689709;408;710003;0,028582978;97467,95436;
2019;Centre Ouest;Sanguié;MIL;20832;;20832;391617;676;412449;0,050508063;172232,4942;
2019;Centre Ouest;Sissili;MIL;9386;;9386;337078;1902;346464;0,027090838;92379,75663;
2019;Centre Ouest;Ziro;MIL;10696;;10696;241731;828;252427;0,042372646;144490,7241;
2019;Centre Sud;Bazèga;MIL;8814;;8814;280870;494;289684;0,030426258;103753,5383;
2019;Centre Sud;Nahouri;MIL;7200;;7200;195816;74;203016;0,035465185;120936,2809;
2019;Centre Sud;Zoundweogo;MIL;14400;;14400;312045;1722;326445;0,044111566;150420,4384;
2019;Est;Gnagna;MIL;39141;;39141;676476;861;715617;0,054695459;186511,5138;
2019;Est;Gourma;MIL;11610;;11610;437310;41060;448920;0,025862069;88189,65517;
2019;Est;Komandjoari;MIL;4229;;4229;105604;14105;109833;0,03850391;131298,3347;
2019;Est;Kompienga;MIL;3017;;3017;117682;8350;120699;0,024996065;85236,58025;
2019;Est;Tapoa;MIL;21115;;21115;605733;0;626848;0,033684402;114863,8107;
2019;Hauts Bassins;Houet;MIL;11913;2990;14903;1510638;2693;1525541;0,009768993;33312,26758;
2019;Hauts Bassins;Kénédougou;MIL;17760;;17760;399949;1556;417709;0,042517638;144985,1452;
2019;Hauts Bassins;Tuy;MIL;5226;;5226;329253;1972;334479;0,015624299;53278,86056;
2019;Nord;Loroum;MIL;36279;500;36779;198192;73943;234971;0,156525699;533752,6333;
2019;Nord;Passoré;MIL;11591;;11591;457930;403;469521;0,024686862;84182,19845;
2019;Nord;Yatenga;MIL;54656;496;55152;825975;67127;881127;0,062592566;213440,6504;
2019;Nord;Zondoma;MIL;3848;;3848;240018;85;243866;0,015779157;53806,92675;
2019;Plateau Central;Ganzourgou;MIL;13196;;13196;482763;748;495959;0,026607038;90729,99986;
2019;Plateau Central;Kourwéogo;MIL;7873;;7873;181242;2055;189115;0,041630754;141960,8704;
2019;Plateau Central;Oubritenga;MIL;8082;;8082;314609;11009;322691;0,025045632;85405,60474;
2019;Sahel;Oudalan;MIL;73330;1000;74330;158206;150280;232536;0,319649431;1090004,558;
2019;Sahel;Séno;MIL;39914;3000;42914;404716;72054;447630;0,095869356;326914,5053;
2019;Sahel;Soum;MIL;61208;2630;63838;363661;1111074;427499;0,149329004;509211,9046;
2019;Sahel;Yagha;MIL;21090;1000;22090;171594;4258;193684;0,114051754;388916,4825;
2019;Sud Ouest;Bougouriba;MIL;1303;;1303;153653;610;154956;0,008408839;28674,13976;
2019;Sud Ouest;Ioba;MIL;11139;;11139;265956;412;277095;0,04019921;137079,3049;
2019;Sud Ouest;Noumbiel;MIL;8003;;8003;98915;72;106918;0,074851756;255244,4864;
2019;Sud Ouest;Poni;MIL;17512;;17512;356918;509;374430;0,046769757;159484,8703;
2020;Boucle du Mouhoun;Balé;MIL;23472;;23472;301065;58123;324537;0,072324573;246626,7945;
2020;Boucle du Mouhoun;Banwa;MIL;59425;;59425;350541;17080;409966;0,144951045;494283,0625;
2020;Boucle du Mouhoun;Kossi;MIL;112636;;112636;360409;139035;473045;0,238108425;811949,7299;
2020;Boucle du Mouhoun;Mouhoun;MIL;61615;;61615;395815;9010;457430;0,134698205;459320,8797;
2020;Boucle du Mouhoun;Nayala;MIL;35110;;35110;225439;2511;260549;0,134753923;459510,879;
2020;Boucle du Mouhoun;Sourou;MIL;13277;;13277;287479;77321;300756;0,04414542;150535,8829;
2020;Cascades;Comoé;MIL;1515;;1515;646302;56890;647817;0,002338623;7974,70582;
2020;Cascades;Léraba;MIL;6670;;6670;181903;317;188573;0,035370917;120614,8282;
2020;Centre;Kadiogo;MIL;6015;1198;7213;3107564;11561;3114777;0,002315736;7896,658412;
2020;Centre Est;Boulgou;MIL;20397;;20397;746943;25914;767340;0,026581437;90642,70076;
2020;Centre Est;Koulpélgo;MIL;4271;;4271;367814;40380;372085;0,01147856;39141,88962;
2020;Centre Est;Kouritenga;MIL;2816;;2816;486656;125307;489472;0,005753138;19618,20084;
2020;Centre Nord;Bam;MIL;13699;;13699;484023;687948,2667;497722;0,027523397;93854,78239;
2020;Centre Nord;Namentenga;MIL;27248;;27248;521411;621774,8753;548659;0,049662905;169350,5073;
2020;Centre Nord;Sanmatenga;MIL;48915;;48915;896818;3027743,008;945733;0,051721786;176371,2908;
2020;Centre Ouest;Boulkièmdé;MIL;19134;;19134;696694;1412;715828;0,026729885;91148,90728;
2020;Centre Ouest;Sanguié;MIL;38917;;38917;395251;6336;434168;0,089635809;305658,1093;
2020;Centre Ouest;Sissili;MIL;15385;;15385;342590;20247;357975;0,042977862;146554,508;
2020;Centre Ouest;Ziro;MIL;7097;;7097;245437;29094;252534;0,028103147;95831,72959;
2020;Centre Sud;Bazèga;MIL;5203;;5203;282453;5776;287656;0,018087577;61678,63698;
2020;Centre Sud;Nahouri;MIL;7222;;7222;197910;3017;205132;0,035206599;120054,5015;
2020;Centre Sud;Zoundweogo;MIL;15537;;15537;315105;15153;330642;0,0469904;160237,2657;
2020;Est;Gnagna;MIL;33073;;33073;687542;34461;720615;0,04589552;156503,7225;
2020;Est;Gourma;MIL;11621;;11621;443725;324750;455346;0,025521252;87027,46922;
2020;Est;Komandjoari;MIL;3392;;3392;107324;53180;110716;0,030636945;104471,9824;
2020;Est;Kompienga;MIL;1973;;1973;120440;44961;122413;0,016117569;54960,91101;
2020;Est;Tapoa;MIL;20534;;20534;617753;39149;638287;0,032170481;109701,3412;
2020;Hauts Bassins;Houet;MIL;28204;490;28694;1536683;65450;1565377;0,018330409;62506,69328;
2020;Hauts Bassins;Kénédougou;MIL;9902;;9902;406042;23896;415944;0,023806089;81178,76445;
2020;Hauts Bassins;Tuy;MIL;1820;;1820;334356;32324;336176;0,005413831;18461,1632;
2020;Nord;Loroum;MIL;18791;;18791;200616;328823;219407;0,085644487;292047,7013;
2020;Nord;Passoré;MIL;11922;;11922;462873;16553;474795;0,025109784;85624,3642;
2020;Nord;Yatenga;MIL;27349;;27349;836622;352450;863971;0,031654998;107943,5421;
2020;Nord;Zondoma;MIL;4001;;4001;243237;6222;247238;0,016182787;55183,30516;
2020;Plateau Central;Ganzourgou;MIL;17328;;17328;489042;26083;506370;0,034220037;116690,3253;
2020;Plateau Central;Kourwéogo;MIL;7529;;7529;182860;8893;190389;0,039545352;134849,6499;
2020;Plateau Central;Oubritenga;MIL;5926;;5926;317702;93907;323628;0,018311147;62441,01252;
2020;Sahel;Oudalan;MIL;68917;500;69417;158903;420085;228320;0,304033812;1036755,3;
2020;Sahel;Séno;MIL;50205;4000;54205;410512;931436;464717;0,11664088;397745,402;
2020;Sahel;Soum;MIL;40583;130;40713;366677;2337945;407390;0,099936179;340782,3707;
2020;Sahel;Yagha;MIL;19690;;19690;173106;20443;192796;0,102128675;348258,7813;
2020;Sud Ouest;Bougouriba;MIL;4084;;4084;155908;2529;159992;0,025526276;87044,60223;
2020;Sud Ouest;Ioba;MIL;9603;;9603;268705;2642;278308;0,034504937;117661,8351;
2020;Sud Ouest;Noumbiel;MIL;8480;;8480;100303;9229;108783;0,077953357;265820,9463;
2020;Sud Ouest;Poni;MIL;6749;;6749;361483;14447;368232;0,018328119;62498,88657;
2021;Boucle du Mouhoun;Balé;MIL;17856;;17856;309327;139863;327183;0,054574963;186100,6226;
2021;Boucle du Mouhoun;Banwa;MIL;34484;;34484;359548;29540;394032;0,087515735;298428,6555;
2021;Boucle du Mouhoun;Kossi;MIL;97035;;97035;369317;245460;466352;0,208072443;709527,0311;
2021;Boucle du Mouhoun;Mouhoun;MIL;66999;;66999;406243;14635;473242;0,141574501;482769,0484;
2021;Boucle du Mouhoun;Nayala;MIL;40501;;40501;231239;4881;271740;0,149043203;508237,3224;
2021;Boucle du Mouhoun;Sourou;MIL;12534;;12534;294417;124864;306951;0,040833879;139243,5275;
2021;Cascades;Comoé;MIL;294;;294;669676;138814;669970;0,000438826;1496,395361;
2021;Cascades;Léraba;MIL;4476;;4476;187214;960;191690;0,023350201;79624,18488;
2021;Centre;Kadiogo;MIL;3343;;3343;3233764;12612;3237107;0,001032712;3521,548716;
2021;Centre Est;Boulgou;MIL;16840;;16840;767642;68296;784482;0,021466394;73200,40485;
2021;Centre Est;Koulpélgo;MIL;829;;829;378711;64558;379540;0,002184223;7448,200453;
2021;Centre Est;Kouritenga;MIL;1369;;1369;500878;253013;502247;0,00272575;9294,809128;
2021;Centre Nord;Bam;MIL;4108;;4108;499530;883346;503638;0,008156652;27814,184;
2021;Centre Nord;Namentenga;MIL;10831;;10831;537150;1006753;547981;0,019765284;67399,61787;
2021;Centre Nord;Sanmatenga;MIL;24464;;24464;922771;3909532;947235;0,025826748;88069,21197;
2021;Centre Ouest;Boulkièmdé;MIL;20138;;20138;714501;4680;734639;0,027412103;93475,27153;
2021;Centre Ouest;Sanguié;MIL;19986;;19986;405034;15594;425020;0,047023669;160350,7129;
2021;Centre Ouest;Sissili;MIL;18772;;18772;353446;59708;372218;0,050432811;171975,8851;
2021;Centre Ouest;Ziro;MIL;8746;;8746;252954;112560;261700;0,033419947;113962,0176;
2021;Centre Sud;Bazèga;MIL;3356;;3356;288437;12542;291793;0,011501304;39219,44666;
2021;Centre Sud;Nahouri;MIL;5166;;5166;203077;16256;208243;0,024807557;84593,76786;
2021;Centre Sud;Zoundweogo;MIL;14996;;14996;323060;20840;338056;0,044359514;151265,9441;
2021;Est;Gnagna;MIL;21082;;21082;709308;101948;730390;0,028864032;98426,34757;
2021;Est;Gourma;MIL;20129;;20129;457042;833297;477171;0,042184039;143847,5725;
2021;Est;Komandjoari;MIL;1608;;1608;110727;226864;112335;0,014314328;48811,85739;
2021;Est;Kompienga;MIL;1786;;1786;125074;135198;126860;0,014078512;48007,72505;
2021;Est;Tapoa;MIL;25911;;25911;639452;91737;665363;0,038942652;132794,4445;
2021;Hauts Bassins;Houet;MIL;11240;;11240;1586697;168415;1597937;0,00703407;23986,17718;
2021;Hauts Bassins;Kénédougou;MIL;2795;;2795;418468;39274;421263;0,00663481;22624,70238;
2021;Hauts Bassins;Tuy;MIL;1196;;1196;344655;65421;345851;0,003458137;11792,24579;
2021;Nord;Loroum;MIL;5244;;5244;206181;565421;211425;0,024803122;84578,64491;
2021;Nord;Passoré;MIL;9781;;9781;475005;42846;484786;0,020175913;68799,86221;
2021;Nord;Yatenga;MIL;14659;;14659;860286;786532;874945;0,016754196;57131,80829;
2021;Nord;Zondoma;MIL;1432;;1432;250224;17141;251656;0,005690307;19403,94825;
2021;Plateau Central;Ganzourgou;MIL;6802;;6802;502945;57433;509747;0,013343875;45502,61208;
2021;Plateau Central;Kourwéogo;MIL;9939;;9939;187312;16924;197251;0,050387577;171821,6384;
2021;Plateau Central;Oubritenga;MIL;3039;;3039;325725;112717;328764;0,009243713;31521,0607;
2021;Sahel;Oudalan;MIL;37065;240;37305;162068;876663;199373;0,187111595;638050,5384;
2021;Sahel;Séno;MIL;39899;3878;43777;422690;1279977;466467;0,093848011;320021,7164;
2021;Sahel;Soum;MIL;29612;;29612;375398;3082603;405010;0,073114244;249319,5724;
2021;Sahel;Yagha;MIL;8500;;8500;177309;139362;185809;0,0457459;155993,5202;
2021;Sud Ouest;Bougouriba;MIL;4379;;4379;160594;15258;164973;0,026543737;90514,14474;
2021;Sud Ouest;Ioba;MIL;11419;;11419;275633;5426;287052;0,039780249;135650,6487;
2021;Sud Ouest;Noumbiel;MIL;4226;;4226;103249;30252;107475;0,039320772;134083,8334;
2021;Sud Ouest;Poni;MIL;6478;;6478;371666;84025;378144;0,01713104;58416,84649;
2018;Boucle du Mouhoun;Balé;RIZ;3382;;3382;296750;0;300132;0,011268375;40904,20215;
2018;Boucle du Mouhoun;Banwa;RIZ;21070;;21070;372067;0;393137;0,053594548;194548,2109;
2018;Boucle du Mouhoun;Kossi;RIZ;1323;;1323;378353;0;379676;0,00348455;12648,91644;
2018;Boucle du Mouhoun;Mouhoun;RIZ;23073;;23073;412549;0;435622;0,052965645;192265,2896;
2018;Boucle du Mouhoun;Nayala;RIZ;683;;683;221193;0;221876;0,003078296;11174,21443;
2018;Boucle du Mouhoun;Sourou;RIZ;4689;;4689;295305;0;299994;0,015630313;56738,03476;
2018;Cascades;Comoé;RIZ;20027;;20027;645943;0;665970;0,030071925;109161,0883;
2018;Cascades;Léraba;RIZ;10720;;10720;176502;0;187222;0,057258228;207847,3684;
2018;Centre;Kadiogo;RIZ;9364;;9364;2854356;0;2863720;0,003269873;11869,63809;
2018;Centre Est;Boulgou;RIZ;42804;;42804;766784;0;809588;0,052871337;191922,9534;
2018;Centre Est;Koulpélgo;RIZ;11905;;11905;374239;0;386144;0,030830467;111914,5966;
2018;Centre Est;Kouritenga;RIZ;6710;;6710;466970;0;473680;0,014165681;51421,42375;
2018;Centre Nord;Bam;RIZ;2228;;2228;387253;0;389481;0,005720433;20765,17211;
2018;Centre Nord;Namentenga;RIZ;4772;;4772;462757;0;467529;0,010206853;37050,87813;
2018;Centre Nord;Sanmatenga;RIZ;6012;;6012;837848;0;843860;0,007124405;25861,58842;
2018;Centre Ouest;Boulkièmdé;RIZ;3309;;3309;682747;0;686056;0,004823221;17508,29378;
2018;Centre Ouest;Sanguié;RIZ;2308;;2308;399993;0;402301;0,005736998;20825,30245;
2018;Centre Ouest;Sissili;RIZ;9334;;9334;298630;0;307964;0,030308737;110020,7167;
2018;Centre Ouest;Ziro;RIZ;1093;;1093;262018;0;263111;0,00415414;15079,52917;
2018;Centre Sud;Bazèga;RIZ;1998;;1998;311554;0;313552;0,006372149;23130,90014;
2018;Centre Sud;Nahouri;RIZ;6663;;6663;221543;0;228206;0,029197304;105986,2142;
2018;Centre Sud;Zoundweogo;RIZ;13118;;13118;338830;0;351948;0,037272552;135299,3624;
2018;Est;Gnagna;RIZ;5003;;5003;579680;0;584683;0,008556773;31061,0878;
2018;Est;Gourma;RIZ;5720;;5720;443115;0;448835;0,012744104;46261,09818;
2018;Est;Komandjoari;RIZ;684;;684;122114;0;122798;0,005570123;20219,54755;
2018;Est;Kompienga;RIZ;8458;;8458;125961;0;134419;0,062922652;228409,2279;
2018;Est;Tapoa;RIZ;23564;;23564;506868;0;530432;0,044424167;161259,7279;
2018;Hauts Bassins;Houet;RIZ;28289;;28289;1401805;0;1430094;0,019781217;71805,81836;
2018;Hauts Bassins;Kénédougou;RIZ;22578;;22578;421563;0;444141;0,050835208;184531,8041;
2018;Hauts Bassins;Tuy;RIZ;7420;;7420;335173;0;342593;0,021658353;78619,82002;
2018;Nord;Loroum;RIZ;2052;;2052;199654;0;201706;0,010173222;36928,79736;
2018;Nord;Passoré;RIZ;2037;;2037;435834;0;437871;0,004652055;16886,95986;
2018;Nord;Yatenga;RIZ;5077;;5077;762041;0;767118;0,006618278;24024,34827;
2018;Nord;Zondoma;RIZ;2993;;2993;234620;0;237613;0,012596112;45723,88716;
2018;Plateau Central;Ganzourgou;RIZ;8287;;8287;439833;0;448120;0,018492814;67128,91636;
2018;Plateau Central;Kourwéogo;RIZ;2566;;2566;185098;0;187664;0,013673374;49634,34649;
2018;Plateau Central;Oubritenga;RIZ;2577;;2577;324766;0;327343;0,007872476;28577,08886;
2018;Sahel;Oudalan;RIZ;90;;90;288036;0;288126;0,000312363;1133,878928;
2018;Sahel;Séno;RIZ;366;;366;374868;0;375234;0,000975391;3540,670622;
2018;Sahel;Soum;RIZ;3244;;3244;500999;0;504243;0,006433406;23353,2642;
2018;Sahel;Yagha;RIZ;670;;670;231206;0;231876;0,002889475;10488,79574;
2018;Sud Ouest;Bougouriba;RIZ;1309;;1309;144000;0;145309;0,009008389;32700,45214;
2018;Sud Ouest;Ioba;RIZ;4868;;4868;259413;0;264281;0,018419788;66863,83054;
2018;Sud Ouest;Noumbiel;RIZ;2086;;2086;100608;0;102694;0,020312774;73735,36915;
2018;Sud Ouest;Poni;RIZ;3870;;3870;362641;0;366511;0,010559028;38329,27252;
2019;Boucle du Mouhoun;Balé;RIZ;4251;;4251;297468;1476;301719;0,014089268;51144,04462;
2019;Boucle du Mouhoun;Banwa;RIZ;20599;;20599;346989;786;367588;0,056038282;203418,9636;
2019;Boucle du Mouhoun;Kossi;RIZ;1579;;1579;357089;37656;358668;0,0044024;15980,71197;
2019;Boucle du Mouhoun;Mouhoun;RIZ;34952;;34952;391561;373;426513;0,081948264;297472,199;
2019;Boucle du Mouhoun;Nayala;RIZ;4922;;4922;223151;61;228073;0,02158081;78338,33904;
2019;Boucle du Mouhoun;Sourou;RIZ;6508;;6508;285011;2924;291519;0,022324445;81037,73682;
2019;Cascades;Comoé;RIZ;21453;;21453;633043;1608;654496;0,032777893;118983,7524;
2019;Cascades;Léraba;RIZ;13040;;13040;179423;0;192463;0,067753282;245944,4153;
2019;Centre;Kadiogo;RIZ;9369;;9369;3030384;8574;3039753;0,003082158;11188,2347;
2019;Centre Est;Boulgou;RIZ;43181;;43181;737843;64;781024;0,055287674;200694,2552;
2019;Centre Est;Koulpélgo;RIZ;9698;;9698;362644;1521;372342;0,026045947;94546,78763;
2019;Centre Est;Kouritenga;RIZ;7160;;7160;480021;0;487181;0,014696796;53349,37118;
2019;Centre Nord;Bam;RIZ;2283;;2283;476054;121046;478337;0,004772786;17325,21214;
2019;Centre Nord;Namentenga;RIZ;4776;;4776;513796;100209;518572;0,009209907;33431,96316;
2019;Centre Nord;Sanmatenga;RIZ;5899;;5899;884819;880940;890718;0,006622747;24040,57176;
2019;Centre Ouest;Boulkièmdé;RIZ;3247;;3247;689709;408;692956;0,004685723;17009,17519;
2019;Centre Ouest;Sanguié;RIZ;3563;;3563;391617;676;395180;0,009016145;32728,60469;
2019;Centre Ouest;Sissili;RIZ;9273;;9273;337078;1902;346351;0,026773418;97187,50632;
2019;Centre Ouest;Ziro;RIZ;1114;;1114;241731;828;242845;0,004587288;16651,85612;
2019;Centre Sud;Bazèga;RIZ;1323;;1323;280870;494;282193;0,004688281;17018,459;
2019;Centre Sud;Nahouri;RIZ;9331;;9331;195816;74;205147;0,045484457;165108,5807;
2019;Centre Sud;Zoundweogo;RIZ;9712;;9712;312045;1722;321757;0,030184269;109568,8983;
2019;Est;Gnagna;RIZ;4748;;4748;676476;861;681224;0,006969807;25300,40046;
2019;Est;Gourma;RIZ;5258;;5258;437310;41060;442568;0,01188066;43126,79633;
2019;Est;Komandjoari;RIZ;474;;474;105604;14105;106078;0,00446841;16220,32844;
2019;Est;Kompienga;RIZ;10486;;10486;117682;8350;128168;0,081814493;296986,6113;
2019;Est;Tapoa;RIZ;22663;;22663;605733;0;628396;0,036064838;130915,3623;
2019;Hauts Bassins;Houet;RIZ;30601;;30601;1510638;2693;1541239;0,019854805;72072,94261;
2019;Hauts Bassins;Kénédougou;RIZ;31021;;31021;399949;1556;430970;0,071979488;261285,5419;
2019;Hauts Bassins;Tuy;RIZ;6788;;6788;329253;1972;336041;0,020199916;73325,69538;
2019;Nord;Loroum;RIZ;1582;;1582;198192;73943;199774;0,007918948;28745,78273;
2019;Nord;Passoré;RIZ;2023;;2023;457930;403;459953;0,004398275;15965,73998;
2019;Nord;Yatenga;RIZ;5596;;5596;825975;67127;831571;0,006729431;24427,83599;
2019;Nord;Zondoma;RIZ;3053;;3053;240018;85;243071;0,012560116;45593,22173;
2019;Plateau Central;Ganzourgou;RIZ;6952;;6952;482763;748;489715;0,014196012;51531,52344;
2019;Plateau Central;Kourwéogo;RIZ;2090;;2090;181242;2055;183332;0,011400083;41382,30096;
2019;Plateau Central;Oubritenga;RIZ;2141;;2141;314609;11009;316750;0,006759274;24536,16417;
2019;Sahel;Oudalan;RIZ;20;;20;158206;150280;158226;0,000126401;458,8373592;
2019;Sahel;Séno;RIZ;244;;244;404716;72054;404960;0,000602529;2187,178981;
2019;Sahel;Soum;RIZ;392;;392;363661;1111074;364053;0,001076766;3908,661651;
2019;Sahel;Yagha;RIZ;740;;740;171594;4258;172334;0,004293987;15587,17374;
2019;Sud Ouest;Bougouriba;RIZ;1354;;1354;153653;610;155007;0,008735089;31708,37446;
2019;Sud Ouest;Ioba;RIZ;5017;;5017;265956;412;270973;0,01851476;67208,57798;
2019;Sud Ouest;Noumbiel;RIZ;2183;;2183;98915;72;101098;0,02159291;78382,26275;
2019;Sud Ouest;Poni;RIZ;3870;;3870;356918;509;360788;0,010726521;38937,27064;
2020;Boucle du Mouhoun;Balé;RIZ;6146;;6146;301065;58123;307211;0,020005794;72621,03245;
2020;Boucle du Mouhoun;Banwa;RIZ;15321;;15321;350541;17080;365862;0,041876445;152011,4961;
2020;Boucle du Mouhoun;Kossi;RIZ;2871;;2871;360409;139035;363280;0,007902995;28687,87161;
2020;Boucle du Mouhoun;Mouhoun;RIZ;12745;;12745;395815;9010;408560;0,031194929;113237,5906;
2020;Boucle du Mouhoun;Nayala;RIZ;7552;;7552;225439;2511;232991;0,032413269;117660,1671;
2020;Boucle du Mouhoun;Sourou;RIZ;20575;;20575;287479;77321;308054;0,066790238;242448,5642;
2020;Cascades;Comoé;RIZ;36806;;36806;646302;56890;683108;0,053880206;195585,1491;
2020;Cascades;Léraba;RIZ;12451;;12451;181903;317;194354;0,064063513;232550,5521;
2020;Centre;Kadiogo;RIZ;5938;;5938;3107564;11561;3113502;0,001907177;6923,053205;
2020;Centre Est;Boulgou;RIZ;44970;;44970;746943;25914;791913;0,056786541;206135,1436;
2020;Centre Est;Koulpélgo;RIZ;13348;;13348;367814;40380;381162;0,035019231;127119,8073;
2020;Centre Est;Kouritenga;RIZ;8624;;8624;486656;125307;495280;0,017412373;63206,91326;
2020;Centre Nord;Bam;RIZ;3824;;3824;484023;687948,2667;487847;0,007838523;28453,83901;
2020;Centre Nord;Namentenga;RIZ;5971;;5971;521411;621774,8753;527382;0,011321964;41098,72919;
2020;Centre Nord;Sanmatenga;RIZ;5879;;5879;896818;3027743,008;902697;0,006512706;23641,1221;
2020;Centre Ouest;Boulkièmdé;RIZ;8865;;8865;696694;1412;705559;0,012564506;45609,15529;
2020;Centre Ouest;Sanguié;RIZ;6161;;6161;395251;6336;401412;0,01534832;55714,40316;
2020;Centre Ouest;Sissili;RIZ;9382;;9382;342590;20247;351972;0,026655529;96759,57178;
2020;Centre Ouest;Ziro;RIZ;2399;;2399;245437;29094;247836;0,009679788;35137,63134;
2020;Centre Sud;Bazèga;RIZ;1578;;1578;282453;5776;284031;0,005555732;20167,30568;
2020;Centre Sud;Nahouri;RIZ;13351;;13351;197910;3017;211261;0,063196709;229404,0547;
2020;Centre Sud;Zoundweogo;RIZ;14294;;14294;315105;15153;329399;0,043394182;157520,8789;
2020;Est;Gnagna;RIZ;7659;;7659;687542;34461;695201;0,011016958;39991,5564;
2020;Est;Gourma;RIZ;5757;;5757;443725;324750;449482;0,012808077;46493,31898;
2020;Est;Komandjoari;RIZ;753;;753;107324;53180;108077;0,006967255;25291,13502;
2020;Est;Kompienga;RIZ;10394;;10394;120440;44961;130834;0,079444181;288382,3777;
2020;Est;Tapoa;RIZ;43266;;43266;617753;39149;661019;0,065453489;237596,1659;
2020;Hauts Bassins;Houet;RIZ;33944;;33944;1536683;65450;1570627;0,021611751;78450,65697;
2020;Hauts Bassins;Kénédougou;RIZ;31895;;31895;406042;23896;437937;0,07283011;264373,3003;
2020;Hauts Bassins;Tuy;RIZ;10798;;10798;334356;32324;345154;0,031284586;113563,0472;
2020;Nord;Loroum;RIZ;1932;;1932;200616;328823;202548;0,00953848;34624,68156;
2020;Nord;Passoré;RIZ;3438;;3438;462873;16553;466311;0,007372762;26763,1259;
2020;Nord;Yatenga;RIZ;4418;;4418;836622;352450;841040;0,00525302;19068,46286;
2020;Nord;Zondoma;RIZ;3708;;3708;243237;6222;246945;0,015015489;54506,22608;
2020;Plateau Central;Ganzourgou;RIZ;8947;;8947;489042;26083;497989;0,01796626;65217,52489;
2020;Plateau Central;Kourwéogo;RIZ;3999;;3999;182860;8893;186859;0,021401163;77686,2233;
2020;Plateau Central;Oubritenga;RIZ;3290;;3290;317702;93907;320992;0,010249477;37205,60014;
2020;Sahel;Oudalan;RIZ;23;;23;158903;420085;158926;0,000144721;525,3388369;
2020;Sahel;Séno;RIZ;553;;553;410512;931436;411065;0,001345286;4883,388272;
2020;Sahel;Soum;RIZ;288;;288;366677;2337945;366965;0,000784816;2848,882046;
2020;Sahel;Yagha;RIZ;880;;880;173106;20443;173986;0,005057878;18360,09794;
2020;Sud Ouest;Bougouriba;RIZ;1570;;1570;155908;2529;157478;0,009969647;36189,81699;
2020;Sud Ouest;Ioba;RIZ;6305;;6305;268705;2642;275010;0,022926439;83222,97371;
2020;Sud Ouest;Noumbiel;RIZ;2732;;2732;100303;9229;103035;0,026515262;96250,40035;
2020;Sud Ouest;Poni;RIZ;5818;;5818;361483;14447;367301;0,01583987;57498,7272;
2021;Boucle du Mouhoun;Balé;RIZ;5384;;5384;309327;139863;314711;0,017107759;62101,16583;
2021;Boucle du Mouhoun;Banwa;RIZ;15977;;15977;359548;29540;375525;0,042545769;154441,1424;
2021;Boucle du Mouhoun;Kossi;RIZ;3419;;3419;369317;245460;372736;0,009172712;33296,94475;
2021;Boucle du Mouhoun;Mouhoun;RIZ;11143;;11143;406243;14635;417386;0,02669711;96910,5097;
2021;Boucle du Mouhoun;Nayala;RIZ;9756;;9756;231239;4881;240995;0,040482168;146950,2687;
2021;Boucle du Mouhoun;Sourou;RIZ;24859;;24859;294417;124864;319276;0,077860534;282633,7401;
2021;Cascades;Comoé;RIZ;57175;;57175;669676;138814;726851;0,078661239;285540,2964;
2021;Cascades;Léraba;RIZ;11100;;11100;187214;960;198314;0,055971843;203177,7888;
2021;Centre;Kadiogo;RIZ;5991;;5991;3233764;12612;3239755;0,001849214;6712,646481;
2021;Centre Est;Boulgou;RIZ;25592;;25592;767642;68296;793234;0,032262863;117114,1933;
2021;Centre Est;Koulpélgo;RIZ;15251;;15251;378711;64558;393962;0,038711855;140524,0353;
2021;Centre Est;Kouritenga;RIZ;9597;;9597;500878;253013;510475;0,018800137;68244,49777;
2021;Centre Nord;Bam;RIZ;3148;;3148;499530;883346;502678;0,006262458;22732,72353;
2021;Centre Nord;Namentenga;RIZ;5233;;5233;537150;1006753;542383;0,009648164;35022,83442;
2021;Centre Nord;Sanmatenga;RIZ;5893;;5893;922771;3909532;928664;0,006345675;23034,80053;
2021;Centre Ouest;Boulkièmdé;RIZ;14435;;14435;714501;4680;728936;0,019802836;71884,29437;
2021;Centre Ouest;Sanguié;RIZ;6021;;6021;405034;15594;411055;0,014647675;53171,05983;
2021;Centre Ouest;Sissili;RIZ;8964;;8964;353446;59708;362410;0,024734417;89785,93306;
2021;Centre Ouest;Ziro;RIZ;2793;;2793;252954;112560;255747;0,010920949;39643,04567;
2021;Centre Sud;Bazèga;RIZ;1554;;1554;288437;12542;289991;0,005358787;19452,3968;
2021;Centre Sud;Nahouri;RIZ;11071;;11071;203077;16256;214148;0,051697891;187663,345;
2021;Centre Sud;Zoundweogo;RIZ;12873;;12873;323060;20840;335933;0,038320141;139102,1126;
2021;Est;Gnagna;RIZ;7055;;7055;709308;101948;716363;0,009848359;35749,54318;
2021;Est;Gourma;RIZ;7041;;7041;457042;833297;464083;0,015171855;55073,83378;
2021;Est;Komandjoari;RIZ;1042;;1042;110727;226864;111769;0,0093228;33841,76292;
2021;Est;Kompienga;RIZ;6850;;6850;125074;135198;131924;0,051923835;188483,5208;
2021;Est;Tapoa;RIZ;37044;;37044;639452;91737;676496;0,054758639;198773,8582;
2021;Hauts Bassins;Houet;RIZ;37940;;37940;1586697;168415;1624637;0,023352909;84771,05963;
2021;Hauts Bassins;Kénédougou;RIZ;30908;;30908;418468;39274;449376;0,068779819;249670,7434;
2021;Hauts Bassins;Tuy;RIZ;9084;;9084;344655;65421;353739;0,02567995;93218,22021;
2021;Nord;Loroum;RIZ;1276;;1276;206181;565421;207457;0,006150672;22326,94004;
2021;Nord;Passoré;RIZ;4364;;4364;475005;42846;479369;0,009103634;33046,19197;
2021;Nord;Yatenga;RIZ;3653;;3653;860286;786532;863939;0,004228308;15348,75726;
2021;Nord;Zondoma;RIZ;1203;;1203;250224;17141;251427;0,004784689;17368,42105;
2021;Plateau Central;Ganzourgou;RIZ;6940;;6940;502945;57433;509885;0,013610912;49407,61152;
2021;Plateau Central;Kourwéogo;RIZ;3568;;3568;187312;16924;190880;0,018692372;67853,31098;
2021;Plateau Central;Oubritenga;RIZ;2511;;2511;325725;112717;328236;0,007649984;27769,44028;
2021;Sahel;Oudalan;RIZ;32;;32;162068;876663;162100;0,000197409;716,5946946;
2021;Sahel;Séno;RIZ;402;;402;422690;1279977;423092;0,000950148;3449,037089;
2021;Sahel;Soum;RIZ;1452;;1452;375398;3082603;376850;0,003852992;13986,36062;
2021;Sahel;Yagha;RIZ;627;;627;177309;139362;177936;0,003523739;12791,17211;
2021;Sud Ouest;Bougouriba;RIZ;2789;;2789;160594;15258;163383;0,017070319;61965,25954;
2021;Sud Ouest;Ioba;RIZ;8368;;8368;275633;5426;284001;0,029464685;106956,8065;
2021;Sud Ouest;Noumbiel;RIZ;2944;;2944;103249;30252;106193;0,027723108;100634,8818;
2021;Sud Ouest;Poni;RIZ;6692;;6692;371666;84025;378358;0,017686953;64203,63782;
2018;Boucle du Mouhoun;Balé;NIEBE;4883;;4883;296750;0;301633;0,016188547;55202,9453;
2018;Boucle du Mouhoun;Banwa;NIEBE;7662;;7662;372067;0;379729;0,020177548;68805,43756;
2018;Boucle du Mouhoun;Kossi;NIEBE;12921;;12921;378353;0;391274;0,033022894;112608,07;
2018;Boucle du Mouhoun;Mouhoun;NIEBE;8955;;8955;412549;0;421504;0,02124535;72446,64345;
2018;Boucle du Mouhoun;Nayala;NIEBE;9773;;9773;221193;0;230966;0,042313587;144289,3326;
2018;Boucle du Mouhoun;Sourou;NIEBE;23493;;23493;295305;0;318798;0,073692432;251291,1938;
2018;Cascades;Comoé;NIEBE;12984;;12984;645943;0;658927;0,019704762;67193,23992;
2018;Cascades;Léraba;NIEBE;2792;;2792;176502;0;179294;0,015572189;53101,16345;
2018;Centre;Kadiogo;NIEBE;10451;;10451;2854356;0;2864807;0,003648064;12439,89909;
2018;Centre Est;Boulgou;NIEBE;17517;;17517;766784;0;784301;0,022334537;76160,77246;
2018;Centre Est;Koulpélgo;NIEBE;5366;;5366;374239;0;379605;0,014135746;48202,89511;
2018;Centre Est;Kouritenga;NIEBE;22091;;22091;466970;0;489061;0,045170234;154030,4993;
2018;Centre Nord;Bam;NIEBE;21277;;21277;387253;0;408530;0,052081854;177599,1237;
2018;Centre Nord;Namentenga;NIEBE;22970;;22970;462757;0;485727;0,047289939;161258,6906;
2018;Centre Nord;Sanmatenga;NIEBE;67899;;67899;837848;0;905747;0,074964642;255629,4307;
2018;Centre Ouest;Boulkièmdé;NIEBE;43903;;43903;682747;0;726650;0,060418358;206026,6015;
2018;Centre Ouest;Sanguié;NIEBE;23190;;23190;399993;0;423183;0,054798988;186864,548;
2018;Centre Ouest;Sissili;NIEBE;15388;;15388;298630;0;314018;0,04900356;167102,1406;
2018;Centre Ouest;Ziro;NIEBE;8678;;8678;262018;0;270696;0,032058102;109318,1281;
2018;Centre Sud;Bazèga;NIEBE;19340;;19340;311554;0;330894;0,05844772;199306,7266;
2018;Centre Sud;Nahouri;NIEBE;6579;;6579;221543;0;228122;0,028839831;98343,8248;
2018;Centre Sud;Zoundweogo;NIEBE;6403;;6403;338830;0;345233;0,018546894;63244,90996;
2018;Est;Gnagna;NIEBE;19882;;19882;579680;0;599562;0,033160874;113078,5807;
2018;Est;Gourma;NIEBE;12838;;12838;443115;0;455953;0,028156411;96013,36103;
2018;Est;Komandjoari;NIEBE;1886;;1886;122114;0;124000;0,015209677;51865;
2018;Est;Kompienga;NIEBE;1430;;1430;125961;0;127391;0,011225283;38278,21432;
2018;Est;Tapoa;NIEBE;21579;;21579;506868;0;528447;0,040834748;139246,4902;
2018;Hauts Bassins;Houet;NIEBE;22367;;22367;1401805;0;1424172;0,015705266;53554,95685;
2018;Hauts Bassins;Kénédougou;NIEBE;7203;;7203;421563;0;428766;0,016799373;57285,86222;
2018;Hauts Bassins;Tuy;NIEBE;6527;;6527;335173;0;341700;0,019101551;65136,28914;
2018;Nord;Loroum;NIEBE;3698;;3698;199654;0;203352;0,018185216;62011,58582;
2018;Nord;Passoré;NIEBE;21602;;21602;435834;0;457436;0,047224093;161034,1556;
2018;Nord;Yatenga;NIEBE;49842;;49842;762041;0;811883;0,061390619;209342,0111;
2018;Nord;Zondoma;NIEBE;15104;;15104;234620;0;249724;0,060482773;206246,2559;
2018;Plateau Central;Ganzourgou;NIEBE;24944;;24944;439833;0;464777;0,053668749;183010,433;
2018;Plateau Central;Kourwéogo;NIEBE;14730;;14730;185098;0;199828;0,073713394;251362,6719;
2018;Plateau Central;Oubritenga;NIEBE;23660;;23660;324766;0;348426;0,06790538;231557,3465;
2018;Sahel;Oudalan;NIEBE;9300;;9300;288036;0;297336;0,031277746;106657,1152;
2018;Sahel;Séno;NIEBE;5755;;5755;374868;0;380623;0,015119948;51559,02297;
2018;Sahel;Soum;NIEBE;15479;;15479;500999;0;516478;0,029970299;102198,719;
2018;Sahel;Yagha;NIEBE;140;;140;231206;0;231346;0,000605154;2063,57577;
2018;Sud Ouest;Bougouriba;NIEBE;7571;;7571;144000;0;151571;0,049950188;170330,1423;
2018;Sud Ouest;Ioba;NIEBE;5498;;5498;259413;0;264911;0,02075414;70771,61764;
2018;Sud Ouest;Noumbiel;NIEBE;2939;;2939;100608;0;103547;0,028383246;96786,86973;
2018;Sud Ouest;Poni;NIEBE;14686;;14686;362641;0;377327;0,038921148;132721,1146;
2019;Boucle du Mouhoun;Balé;NIEBE;4223;;4223;297468;1476;301691;0,013997766;47732,38181;
2019;Boucle du Mouhoun;Banwa;NIEBE;9242;;9242;346989;786;356231;0,02594384;88468,49376;
2019;Boucle du Mouhoun;Kossi;NIEBE;15086;;15086;357089;37656;372175;0,040534695;138223,3089;
2019;Boucle du Mouhoun;Mouhoun;NIEBE;13907;;13907;391561;373;405468;0,034298638;116958,3543;
2019;Boucle du Mouhoun;Nayala;NIEBE;7290;;7290;223151;61;230441;0,031634996;107875,3347;
2019;Boucle du Mouhoun;Sourou;NIEBE;26377;;26377;285011;2924;311388;0,084707824;288853,6809;
2019;Cascades;Comoé;NIEBE;11377;;11377;633043;1608;644420;0,017654635;60202,30595;
2019;Cascades;Léraba;NIEBE;3229;;3229;179423;0;182652;0,017678427;60283,43517;
2019;Centre;Kadiogo;NIEBE;10546;;10546;3030384;8574;3040930;0,003468018;11825,94141;
2019;Centre Est;Boulgou;NIEBE;14454;;14454;737843;64;752297;0,019213157;65516,86369;
2019;Centre Est;Koulpélgo;NIEBE;11188;;11188;362644;1521;373832;0,029927882;102054,0778;
2019;Centre Est;Kouritenga;NIEBE;29571;;29571;480021;0;509592;0,058028776;197878,126;
2019;Centre Nord;Bam;NIEBE;22354;;22354;476054;121046;498408;0,044850805;152941,2449;
2019;Centre Nord;Namentenga;NIEBE;27664;;27664;513796;100209;541460;0,051091493;174221,9924;
2019;Centre Nord;Sanmatenga;NIEBE;64435;;64435;884819;880940;949254;0,067879619;231469,5013;
2019;Centre Ouest;Boulkièmdé;NIEBE;46544;;46544;689709;408;736253;0,063217399;215571,3321;
2019;Centre Ouest;Sanguié;NIEBE;25486;;25486;391617;676;417103;0,061102414;208359,2302;
2019;Centre Ouest;Sissili;NIEBE;7570;;7570;337078;1902;344648;0,021964439;74898,73726;
2019;Centre Ouest;Ziro;NIEBE;5544;;5544;241731;828;247275;0,022420382;76453,50318;
2019;Centre Sud;Bazèga;NIEBE;16520;;16520;280870;494;297390;0,055549951;189425,3337;
2019;Centre Sud;Nahouri;NIEBE;5106;;5106;195816;74;200922;0,025412847;86657,80751;
2019;Centre Sud;Zoundweogo;NIEBE;5601;;5601;312045;1722;317646;0,017632837;60127,97265;
2019;Est;Gnagna;NIEBE;14554;;14554;676476;861;691030;0,021061314;71819,08166;
2019;Est;Gourma;NIEBE;15832;;15832;437310;41060;453142;0,034938275;119139,5192;
2019;Est;Komandjoari;NIEBE;2619;;2619;105604;14105;108223;0,024200031;82522,10713;
2019;Est;Kompienga;NIEBE;1566;;1566;117682;8350;119248;0,013132296;44781,1284;
2019;Est;Tapoa;NIEBE;21250;;21250;605733;0;626983;0,033892466;115573,309;
2019;Hauts Bassins;Houet;NIEBE;19396;;19396;1510638;2693;1530034;0,012676842;43228,03284;
2019;Hauts Bassins;Kénédougou;NIEBE;6029;;6029;399949;1556;405978;0,014850558;50640,40416;
2019;Hauts Bassins;Tuy;NIEBE;10268;;10268;329253;1972;339521;0,030242606;103127,2882;
2019;Nord;Loroum;NIEBE;8168;;8168;198192;73943;206360;0,039581314;134972,2814;
2019;Nord;Passoré;NIEBE;19740;;19740;457930;403;477670;0,041325601;140920,3006;
2019;Nord;Yatenga;NIEBE;56494;;56494;825975;67127;882469;0,064018113;218301,7647;
2019;Nord;Zondoma;NIEBE;16505;;16505;240018;85;256523;0,064341209;219403,5233;
2019;Plateau Central;Ganzourgou;NIEBE;19965;;19965;482763;748;502728;0,039713324;135422,4352;
2019;Plateau Central;Kourwéogo;NIEBE;18732;;18732;181242;2055;199974;0,093672177;319422,1249;
2019;Plateau Central;Oubritenga;NIEBE;16033;;16033;314609;11009;330642;0,048490512;165352,6473;
2019;Sahel;Oudalan;NIEBE;20910;;20910;158206;150280;179116;0,11673999;398083,365;
2019;Sahel;Séno;NIEBE;12179;;12179;404716;72054;416895;0,029213591;99618,34515;
2019;Sahel;Soum;NIEBE;8990;;8990;363661;1111074;372651;0,024124449;82264,37068;
2019;Sahel;Yagha;NIEBE;650;;650;171594;4258;172244;0,003773716;12868,37277;
2019;Sud Ouest;Bougouriba;NIEBE;5572;;5572;153653;610;159225;0,034994505;119331,2608;
2019;Sud Ouest;Ioba;NIEBE;7353;;7353;265956;412;273309;0,026903615;91741,32575;
2019;Sud Ouest;Noumbiel;NIEBE;2293;;2293;98915;72;101208;0,022656312;77258,02308;
2019;Sud Ouest;Poni;NIEBE;19583;;19583;356918;509;376501;0,052013142;177364,8144;
2020;Boucle du Mouhoun;Balé;NIEBE;5703;;5703;301065;58123;306768;0,018590596;63393,93287;
2020;Boucle du Mouhoun;Banwa;NIEBE;17115;;17115;350541;17080;367656;0,046551668;158741,1874;
2020;Boucle du Mouhoun;Kossi;NIEBE;16707;;16707;360409;139035;377116;0,044302018;151069,883;
2020;Boucle du Mouhoun;Mouhoun;NIEBE;13136;;13136;395815;9010;408951;0,032121208;109533,3182;
2020;Boucle du Mouhoun;Nayala;NIEBE;6372;;6372;225439;2511;231811;0,02748791;93733,7745;
2020;Boucle du Mouhoun;Sourou;NIEBE;19141;;19141;287479;77321;306620;0,062425804;212871,9914;
2020;Cascades;Comoé;NIEBE;10960;;10960;646302;56890;657262;0,016675238;56862,56014;
2020;Cascades;Léraba;NIEBE;2340;;2340;181903;317;184243;0,012700618;43309,10808;
2020;Centre;Kadiogo;NIEBE;10272;;10272;3107564;11561;3117836;0,003294593;11234,56141;
2020;Centre Est;Boulgou;NIEBE;20703;;20703;746943;25914;767646;0,026969462;91965,86708;
2020;Centre Est;Koulpélgo;NIEBE;7200;;7200;367814;40380;375014;0,019199283;65469,5558;
2020;Centre Est;Kouritenga;NIEBE;21295;;21295;486656;125307;507951;0,041923335;142958,5728;
2020;Centre Nord;Bam;NIEBE;22181;;22181;484023;687948,2667;506204;0,043818303;149420,4115;
2020;Centre Nord;Namentenga;NIEBE;18618;;18618;521411;621774,8753;540029;0,034475926;117562,9087;
2020;Centre Nord;Sanmatenga;NIEBE;65920;;65920;896818;3027743,008;962738;0,068471381;233487,4078;
2020;Centre Ouest;Boulkièmdé;NIEBE;47336;;47336;696694;1412;744030;0,063621091;216947,9188;
2020;Centre Ouest;Sanguié;NIEBE;29007;;29007;395251;6336;424258;0,068371133;233145,5624;
2020;Centre Ouest;Sissili;NIEBE;3677;;3677;342590;20247;346267;0,010618973;36210,69868;
2020;Centre Ouest;Ziro;NIEBE;5591;;5591;245437;29094;251028;0,022272416;75948,93797;
2020;Centre Sud;Bazèga;NIEBE;14162;;14162;282453;5776;296615;0,047745394;162811,7931;
2020;Centre Sud;Nahouri;NIEBE;4695;;4695;197910;3017;202605;0,023173169;79020,50788;
2020;Centre Sud;Zoundweogo;NIEBE;8761;;8761;315105;15153;323866;0,027051311;92244,97169;
2020;Est;Gnagna;NIEBE;26928;;26928;687542;34461;714470;0,037689476;128521,1136;
2020;Est;Gourma;NIEBE;14633;;14633;443725;324750;458358;0,031924827;108863,6612;
2020;Est;Komandjoari;NIEBE;2353;;2353;107324;53180;109677;0,021453906;73157,81796;
2020;Est;Kompienga;NIEBE;571;;571;120440;44961;121011;0,004718579;16090,35542;
2020;Est;Tapoa;NIEBE;5756;;5756;617753;39149;623509;0,009231623;31479,83429;
2020;Hauts Bassins;Houet;NIEBE;16315;;16315;1536683;65450;1552998;0,010505487;35823,71001;
2020;Hauts Bassins;Kénédougou;NIEBE;4929;;4929;406042;23896;410971;0,011993547;40897,99524;
2020;Hauts Bassins;Tuy;NIEBE;9930;;9930;334356;32324;344286;0,0288423;98352,24203;
2020;Nord;Loroum;NIEBE;6572;;6572;200616;328823;207188;0,031719984;108165,1447;
2020;Nord;Passoré;NIEBE;28265;;28265;462873;16553;491138;0,057550016;196245,5562;
2020;Nord;Yatenga;NIEBE;61040;;61040;836622;352450;897662;0,067998868;231876,1405;
2020;Nord;Zondoma;NIEBE;11112;;11112;243237;6222;254349;0,043688003;148976,0919;
2020;Plateau Central;Ganzourgou;NIEBE;20362;;20362;489042;26083;509404;0,039972203;136305,2116;
2020;Plateau Central;Kourwéogo;NIEBE;10559;;10559;182860;8893;193419;0,054591328;186156,4272;
2020;Plateau Central;Oubritenga;NIEBE;14788;;14788;317702;93907;332490;0,044476526;151664,9523;
2020;Sahel;Oudalan;NIEBE;56894;;56894;158903;420085;215797;0,263645926;899032,6094;
2020;Sahel;Séno;NIEBE;7849;;7849;410512;931436;418361;0,018761309;63976,06373;
2020;Sahel;Soum;NIEBE;10840;;10840;366677;2337945;377517;0,028713939;97914,531;
2020;Sahel;Yagha;NIEBE;1416;;1416;173106;20443;174522;0,00811359;27667,3428;
2020;Sud Ouest;Bougouriba;NIEBE;5777;;5777;155908;2529;161685;0,035729969;121839,1935;
2020;Sud Ouest;Ioba;NIEBE;3049;;3049;268705;2642;271754;0,011219706;38259,19766;
2020;Sud Ouest;Noumbiel;NIEBE;3987;;3987;100303;9229;104290;0,038229936;130364,0809;
2020;Sud Ouest;Poni;NIEBE;9723;;9723;361483;14447;371206;0,026193003;89318,14141;
2021;Boucle du Mouhoun;Balé;NIEBE;4904;;4904;309327;139863;314231;0,015606353;53217,66471;
2021;Boucle du Mouhoun;Banwa;NIEBE;11939;;11939;359548;29540;371487;0,032138406;109591,9642;
2021;Boucle du Mouhoun;Kossi;NIEBE;15628;;15628;369317;245460;384945;0,040598008;138439,2056;
2021;Boucle du Mouhoun;Mouhoun;NIEBE;12643;;12643;406243;14635;418886;0,030182436;102922,1077;
2021;Boucle du Mouhoun;Nayala;NIEBE;6252;;6252;231239;4881;237491;0,026325208;89768,95967;
2021;Boucle du Mouhoun;Sourou;NIEBE;11790;;11790;294417;124864;306207;0,038503365;131296,4759;
2021;Cascades;Comoé;NIEBE;13072;;13072;669676;138814;682748;0,019146156;65288,39338;
2021;Cascades;Léraba;NIEBE;2862;;2862;187214;960;190076;0,015057135;51344,83049;
2021;Centre;Kadiogo;NIEBE;12381;;12381;3233764;12612;3246145;0,003814063;13005,95322;
2021;Centre Est;Boulgou;NIEBE;12962;;12962;767642;68296;780604;0,01660509;56623,35832;
2021;Centre Est;Koulpélgo;NIEBE;3022;;3022;378711;64558;381733;0,007916528;26995,36063;
2021;Centre Est;Kouritenga;NIEBE;21557;;21557;500878;253013;522435;0,041262549;140705,2935;
2021;Centre Nord;Bam;NIEBE;11617;;11617;499530;883346;511147;0,022727317;77500,15162;
2021;Centre Nord;Namentenga;NIEBE;5922;;5922;537150;1006753;543072;0,010904631;37184,79318;
2021;Centre Nord;Sanmatenga;NIEBE;34255;;34255;922771;3909532;957026;0,035793176;122054,73;
2021;Centre Ouest;Boulkièmdé;NIEBE;25149;;25149;714501;4680;739650;0,034001217;115944,1493;
2021;Centre Ouest;Sanguié;NIEBE;17039;;17039;405034;15594;422073;0,040369794;137660,997;
2021;Centre Ouest;Sissili;NIEBE;3396;;3396;353446;59708;356842;0,009516817;32452,34586;
2021;Centre Ouest;Ziro;NIEBE;6502;;6502;252954;112560;259456;0,025060126;85455,02898;
2021;Centre Sud;Bazèga;NIEBE;10650;;10650;288437;12542;299087;0,035608368;121424,5353;
2021;Centre Sud;Nahouri;NIEBE;3599;;3599;203077;16256;206676;0,01741373;59380,81829;
2021;Centre Sud;Zoundweogo;NIEBE;8836;;8836;323060;20840;331896;0,026622798;90783,73948;
2021;Est;Gnagna;NIEBE;4962;;4962;709308;101948;714270;0,006946953;23689,10916;
2021;Est;Gourma;NIEBE;12780;;12780;457042;833297;469822;0,027201791;92758,10839;
2021;Est;Komandjoari;NIEBE;1263;;1263;110727;226864;111990;0,011277793;38457,27297;
2021;Est;Kompienga;NIEBE;1252;;1252;125074;135198;126326;0,009910866;33796,05149;
2021;Est;Tapoa;NIEBE;6652;;6652;639452;91737;646104;0,010295556;35107,84641;
2021;Hauts Bassins;Houet;NIEBE;20022;;20022;1586697;168415;1606719;0,01246142;42493,4416;
2021;Hauts Bassins;Kénédougou;NIEBE;4900;;4900;418468;39274;423368;0,011573855;39466,84681;
2021;Hauts Bassins;Tuy;NIEBE;10664;;10664;344655;65421;355319;0,030012468;102342,5148;
2021;Nord;Loroum;NIEBE;1495;;1495;206181;565421;207676;0,007198713;24547,61263;
2021;Nord;Passoré;NIEBE;22686;;22686;475005;42846;497691;0,0455825;155436,3249;
2021;Nord;Yatenga;NIEBE;28231;;28231;860286;786532;888517;0,031773168;108346,5032;
2021;Nord;Zondoma;NIEBE;4925;;4925;250224;17141;255149;0,019302447;65821,34361;
2021;Plateau Central;Ganzourgou;NIEBE;15535;;15535;502945;57433;518480;0,029962583;102172,4078;
2021;Plateau Central;Kourwéogo;NIEBE;9231;;9231;187312;16924;196543;0,046966822;160156,8613;
2021;Plateau Central;Oubritenga;NIEBE;11156;;11156;325725;112717;336881;0,033115551;112924,0296;
2021;Sahel;Oudalan;NIEBE;3562;;3562;162068;876663;165630;0,021505766;73334,6616;
2021;Sahel;Séno;NIEBE;2488;;2488;422690;1279977;425178;0,005851667;19954,18389;
2021;Sahel;Soum;NIEBE;5642;;5642;375398;3082603;381040;0,014806844;50491,33949;
2021;Sahel;Yagha;NIEBE;1178;;1178;177309;139362;178487;0,00659992;22505,72871;
2021;Sud Ouest;Bougouriba;NIEBE;8273;;8273;160594;15258;168867;0,048991218;167060,0532;
2021;Sud Ouest;Ioba;NIEBE;3056;;3056;275633;5426;278689;0,010965628;37392,79268;
2021;Sud Ouest;Noumbiel;NIEBE;3710;;3710;103249;30252;106959;0,034686188;118279,9016;
2021;Sud Ouest;Poni;NIEBE;15197;;15197;371666;84025;386863;0,03928264;133953,8028;
2022;Boucle du Mouhoun;Balé;MIL;10660,43457;;10660,43457;317681;131348;328341,4346;0,032467528;110714,269;
2022;Boucle du Mouhoun;Banwa;MIL;35800,33649;;35800,33649;368627;21917;404427,3365;0,08852106;309823,7098;
2022;Boucle du Mouhoun;Kossi;MIL;94217,0645;;94217,0645;378329;199525;472546,0645;0,199381757;697836,1488;
2022;Boucle du Mouhoun;Mouhoun;MIL;63388,66011;;63388,66011;416756;29126;480144,6601;0,132019921;462069,7236;
2022;Boucle du Mouhoun;Nayala;MIL;36550,76845;;36550,76845;237102;4168;273652,7685;0,133566229;467481,8029;
2022;Boucle du Mouhoun;Sourou;MIL;25303,81588;;25303,81588;301421;141049;326724,8159;0,077446875;271064,0615;
2022;Cascades;Comoé;MIL;1146,965967;;1146,965967;693374;132965;694520,966;0,001651449;5780,071564;
2022;Cascades;Léraba;MIL;4774,565819;;4774,565819;192575;1336;197349,5658;0,024193445;84677,05666;
2022;Centre;Kadiogo;MIL;6644,210864;;6644,210864;3362048;35474;3368692,211;0,001972341;6903,194643;
2022;Centre Est;Boulgou;MIL;16222,31015;;16222,31015;788568;55844;804790,3101;0,020157189;70550,16046;
2022;Centre Est;Koulpélgo;MIL;15919,12428;;15919,12428;389720;41917;405639,1243;0,039244548;137355,9197;
2022;Centre Est;Kouritenga;MIL;4016,490835;;4016,490835;515242;221022;519258,4908;0,007735051;27072,678;
2022;Centre Nord;Bam;MIL;9161,943643;;9161,943643;515230;723749;524391,9436;0,017471557;61150,4489;
2022;Centre Nord;Namentenga;MIL;16158,4881;;16158,4881;553051;962153;569209,4881;0,028387594;99356,58056;
2022;Centre Nord;Sanmatenga;MIL;26428,38006;;26428,38006;948996;2494166;975424,3801;0,027094238;94829,83212;
2022;Centre Ouest;Boulkièmdé;MIL;22803,74015;;22803,74015;732470;6056;755273,7401;0,030192682;105674,3883;
2022;Centre Ouest;Sanguié;MIL;55395,3514;;55395,3514;414903;28155;470298,3514;0,117787679;412256,8776;
2022;Centre Ouest;Sissili;MIL;15019,52106;;15019,52106;364430;52105;379449,5211;0,039582396;138538,3846;
2022;Centre Ouest;Ziro;MIL;11087,05327;;11087,05327;260560;106193;271647,0533;0,040814186;142849,6499;
2022;Centre Sud;Bazèga;MIL;7509,192319;;7509,192319;294482;9775;301991,1923;0,0248656;87029,60147;
2022;Centre Sud;Nahouri;MIL;8150,094516;;8150,094516;208297;10818;216447,0945;0,03765398;131788,9292;
2022;Centre Sud;Zoundweogo;MIL;21447,59355;;21447,59355;331085;17138;352532,5935;0,060838612;212935,1407;
2022;Est;Gnagna;MIL;32395,65135;;32395,65135;731329;77803;763724,6514;0,042417973;148462,9042;
2022;Est;Gourma;MIL;23831,48591;;23831,48591;470498;734244;494329,4859;0,04820972;168734,0186;
2022;Est;Komandjoari;MIL;1437,710075;;1437,710075;114167;181083;115604,7101;0,012436432;43527,51077;
2022;Est;Kompienga;MIL;1767,224862;;1767,224862;129788;120686;131555,2249;0,013433331;47016,65802;
2022;Est;Tapoa;MIL;23864,87313;;23864,87313;661426;82363;685290,8731;0,034824443;121885,5514;
2022;Hauts Bassins;Houet;MIL;23817,50248;;23817,50248;1637299;186718;1661116,502;0,014338249;50183,87245;
2022;Hauts Bassins;Kénédougou;MIL;2500,411209;;2500,411209;431023;32011;433523,4112;0,00576765;20186,77425;
2022;Hauts Bassins;Tuy;MIL;13637,98853;;13637,98853;355090;64005;368727,9885;0,036986583;129453,0422;
2022;Nord;Loroum;MIL;6894,67565;;6894,67565;211780;496807;218674,6756;0,031529374;110352,8093;
2022;Nord;Passoré;MIL;11442,19311;;11442,19311;487270;29131;498712,1931;0,02294348;80302,17918;
2022;Nord;Yatenga;MIL;25210,18088;;25210,18088;884192;1032509;909402,1809;0,027721707;97025,9748;
2022;Nord;Zondoma;MIL;6433,216929;;6433,216929;257295;17688;263728,2169;0,024393358;85376,75458;
2022;Plateau Central;Ganzourgou;MIL;15066,27531;;15066,27531;516993;64985;532059,2753;0,028316911;99109,18961;
2022;Plateau Central;Kourwéogo;MIL;6226,645213;;6226,645213;191813;13833;198039,6452;0,031441408;110044,9267;
2022;Plateau Central;Oubritenga;MIL;7768,077422;;7768,077422;333817;80259;341585,0774;0,022741267;79594,43423;
2022;Sahel;Oudalan;MIL;49143,28906;;49143,28906;165274;602434;214417,2891;0,22919462;802181,1696;
2022;Sahel;Séno;MIL;57363,24348;3378;60741,24348;434993;860906;495734,2435;0,122527835;428847,4217;
2022;Sahel;Soum;MIL;34543,01297;;34543,01297;384202;2204871;418745,013;0,08249176;288721,1589;
2022;Sahel;Yagha;MIL;16198,90304;;16198,90304;181538;148508;197736,903;0,081921497;286725,2383;
2022;Sud Ouest;Bougouriba;MIL;6636,786165;;6636,786165;165322;40191;171958,7862;0,038595214;135083,2493;
2022;Sud Ouest;Ioba;MIL;11312,73102;;11312,73102;282636;6015;293948,731;0,038485388;134698,8587;
2022;Sud Ouest;Noumbiel;MIL;1807,057694;;1807,057694;106220;26689;108027,0577;0,016727825;58547,38678;
2022;Sud Ouest;Poni;MIL;20639,52815;;20639,52815;381962;147739;402601,5281;0,051265399;179428,898;
2022;Boucle du Mouhoun;Balé;MAIS;79131,454;;79131,454;317681;131348;396812,454;0,199417768;715909,7881;
2022;Boucle du Mouhoun;Banwa;MAIS;65722,29265;;65722,29265;368627;21917;434349,2926;0,151312075;529592,2617;
2022;Boucle du Mouhoun;Kossi;MAIS;15075,07391;;15075,07391;378329;199525;393404,0739;0,038319567;134118,4858;
2022;Boucle du Mouhoun;Mouhoun;MAIS;88034,52633;;88034,52633;416756;29126;504790,5263;0,174398135;610393,4723;
2022;Boucle du Mouhoun;Nayala;MAIS;5144,738954;;5144,738954;237102;4168;242246,739;0,021237598;74331,59437;
2022;Boucle du Mouhoun;Sourou;MAIS;30516,50363;;30516,50363;301421;141049;331937,5036;0,091934486;321770,6994;
2022;Cascades;Comoé;MAIS;186226,1478;1500;187726,1478;693374;132965;881100,1478;0,213058809;745705,8302;
2022;Cascades;Léraba;MAIS;53250,32408;;53250,32408;192575;1336;245825,3241;0,216618545;758164,9082;
2022;Centre;Kadiogo;MAIS;19500,29518;;19500,29518;3362048;35474;3381548,295;0,005766677;20183,36785;
2022;Centre Est;Boulgou;MAIS;81180,26098;;81180,26098;788568;55844;869748,261;0,093337653;326681,7839;
2022;Centre Est;Koulpélgo;MAIS;41291,39493;;41291,39493;389720;41917;431011,3949;0,095801168;335304,0869;
2022;Centre Est;Kouritenga;MAIS;16352,38236;;16352,38236;515242;221022;531594,3824;0,030761014;107663,5498;
2022;Centre Nord;Bam;MAIS;2047,746422;;2047,746422;515230;723749;517277,7464;0,003958698;13855,44328;
2022;Centre Nord;Namentenga;MAIS;1583,839646;;1583,839646;553051;962153;554634,8396;0,002855644;9994,753962;
2022;Centre Nord;Sanmatenga;MAIS;5722,004371;;5722,004371;948996;2494166;954718,0044;0,005993397;20976,89078;
2022;Centre Ouest;Boulkièmdé;MAIS;4964,106973;;4964,106973;732470;6056;737434,107;0,006731594;23560,57883;
2022;Centre Ouest;Sanguié;MAIS;10671,53473;;10671,53473;414903;28155;425574,5347;0,025075595;87764,58299;
2022;Centre Ouest;Sissili;MAIS;64421,38807;;64421,38807;364430;52105;428851,3881;0,150218444;525764,5528;
2022;Centre Ouest;Ziro;MAIS;27903,84509;;27903,84509;260560;106193;288463,8451;0,096732556;338563,9465;
2022;Centre Sud;Bazèga;MAIS;30965,26284;;30965,26284;294482;9775;325447,2628;0,095146791;333013,77;
2022;Centre Sud;Nahouri;MAIS;38022,48724;;38022,48724;208297;10818;246319,4872;0,154362481;540268,6846;
2022;Centre Sud;Zoundweogo;MAIS;41276,16655;;41276,16655;331085;17138;372361,1665;0,110849815;387974,3537;
2022;Est;Gnagna;MAIS;6074,736656;;6074,736656;731329;77803;737403,7367;0,008238006;28833,02218;
2022;Est;Gourma;MAIS;17399,08731;;17399,08731;470498;734244;487897,0873;0,035661388;124814,8578;
2022;Est;Komandjoari;MAIS;3716,303152;;3716,303152;114167;181083;117883,3032;0,031525272;110338,4507;
2022;Est;Kompienga;MAIS;20854,00421;;20854,00421;129788;120686;150642,0042;0,138434192;484519,6737;
2022;Est;Tapoa;MAIS;30896,31734;;30896,31734;661426;82363;692322,3173;0,044627071;156194,7491;
2022;Hauts Bassins;Houet;MAIS;211579,2746;7000;218579,2746;1637299;186718;1855878,275;0,11777673;412218,5553;
2022;Hauts Bassins;Kénédougou;MAIS;184767,4377;;184767,4377;431023;32011;615790,4377;0,300049215;1050172,254;
2022;Hauts Bassins;Tuy;MAIS;161282,7998;;161282,7998;355090;64005;516372,7998;0,312337907;1093182,676;
2022;Nord;Loroum;MAIS;482,1119532;;482,1119532;211780;496807;212262,112;0,002271305;7949,56679;
2022;Nord;Passoré;MAIS;3777,021242;;3777,021242;487270;29131;491047,0212;0,007691771;26921,19853;
2022;Nord;Yatenga;MAIS;10927,10598;;10927,10598;884192;1032509;895119,106;0,012207432;42726,01341;
2022;Nord;Zondoma;MAIS;6873,436421;;6873,436421;257295;17688;264168,4364;0,026019143;91067,0018;
2022;Plateau Central;Ganzourgou;MAIS;37924,92874;;37924,92874;516993;64985;554917,9287;0,068343311;239201,5895;
2022;Plateau Central;Kourwéogo;MAIS;650,7714148;;650,7714148;191813;13833;192463,7714;0,003381267;11834,43479;
2022;Plateau Central;Oubritenga;MAIS;7299,432036;;7299,432036;333817;80259;341116,432;0,021398653;74895,28421;
2022;Sahel;Oudalan;MAIS;1,772555852;;1,772555852;165274;602434;165275,7726;1,07248E-05;37,53693228;
2022;Sahel;Séno;MAIS;135,4807364;;135,4807364;434993;860906;435128,4807;0,000311358;1089,753023;
2022;Sahel;Soum;MAIS;929,9199356;;929,9199356;384202;2204871;385131,9199;0,002414549;8450,921895;
2022;Sahel;Yagha;MAIS;553,2080996;;553,2080996;181538;148508;182091,2081;0,003038082;10633,2885;
2022;Sud Ouest;Bougouriba;MAIS;26711,81068;819;27530,81068;165322;40191;192852,8107;0,142755558;499644,4545;
2022;Sud Ouest;Ioba;MAIS;68508,51499;;68508,51499;282636;6015;351144,515;0,195100627;682852,194;
2022;Sud Ouest;Noumbiel;MAIS;26290,69669;;26290,69669;106220;26689;132510,6967;0,198404335;694415,1734;
2022;Sud Ouest;Poni;MAIS;73419,13286;;73419,13286;381962;147739;455381,1329;0,16122568;564289,8804;
2022;Boucle du Mouhoun;Balé;RIZ;3906,795536;;3906,795536;317681;131348;321587,7955;0,012148457;44098,89925;
2022;Boucle du Mouhoun;Banwa;RIZ;21976,97587;;21976,97587;368627;21917;390603,9759;0,056264086;204238,6339;
2022;Boucle du Mouhoun;Kossi;RIZ;1569,357118;;1569,357118;378329;199525;379898,3571;0,004130992;14995,50138;
2022;Boucle du Mouhoun;Mouhoun;RIZ;13132,01167;;13132,01167;416756;29126;429888,0117;0,030547518;110887,4894;
2022;Boucle du Mouhoun;Nayala;RIZ;11267,17369;;11267,17369;237102;4168;248369,1737;0,045364622;164673,578;
2022;Boucle du Mouhoun;Sourou;RIZ;30140,21553;;30140,21553;301421;141049;331561,2155;0,090903924;329981,2441;
2022;Cascades;Comoé;RIZ;47871,39293;;47871,39293;693374;132965;741245,3929;0,064582382;234434,0457;
2022;Cascades;Léraba;RIZ;15085,34225;;15085,34225;192575;1336;207660,3422;0,07264431;263698,8448;
2022;Centre;Kadiogo;RIZ;5670,639567;;5670,639567;3362048;35474;3367718,64;0,001683822;6112,274756;
2022;Centre Est;Boulgou;RIZ;32985,96673;;32985,96673;788568;55844;821553,9667;0,0401507;145747,0405;
2022;Centre Est;Koulpélgo;RIZ;8420,172676;;8420,172676;389720;41917;398140,1727;0,021148764;76770,01446;
2022;Centre Est;Kouritenga;RIZ;7772,860299;;7772,860299;515242;221022;523014,8603;0,014861643;53947,76521;
2022;Centre Nord;Bam;RIZ;2677,068443;;2677,068443;515230;723749;517907,0684;0,005169013;18763,51771;
2022;Centre Nord;Namentenga;RIZ;885,1765548;;885,1765548;553051;962153;553936,1766;0,001597976;5800,651826;
2022;Centre Nord;Sanmatenga;RIZ;7311,07648;;7311,07648;948996;2494166;956307,0765;0,007645114;27751,76329;
2022;Centre Ouest;Boulkièmdé;RIZ;9867,234081;;9867,234081;732470;6056;742337,2341;0,013292118;48250,38819;
2022;Centre Ouest;Sanguié;RIZ;4314,820655;;4314,820655;414903;28155;419217,8207;0,010292551;37361,95888;
2022;Centre Ouest;Sissili;RIZ;5608,106905;;5608,106905;364430;52105;370038,1069;0,015155485;55014,40982;
2022;Centre Ouest;Ziro;RIZ;2674,649796;;2674,649796;260560;106193;263234,6498;0,010160706;36883,36154;
2022;Centre Sud;Bazèga;RIZ;1394,66495;;1394,66495;294482;9775;295876,665;0,00471367;17110,62199;
2022;Centre Sud;Nahouri;RIZ;7154,076083;;7154,076083;208297;10818;215451,0761;0,033205107;120534,5392;
2022;Centre Sud;Zoundweogo;RIZ;15011,12324;;15011,12324;331085;17138;346096,1232;0,0433727;157442,9001;
2022;Est;Gnagna;RIZ;7687,02;;7687,02;731329;77803;739016,02;0,010401696;37758,15658;
2022;Est;Gourma;RIZ;8904,064399;;8904,064399;470498;734244;479402,0644;0,018573271;67420,97327;
2022;Est;Komandjoari;RIZ;36,60438791;;36,60438791;114167;181083;114203,6044;0,000320519;1163,482789;
2022;Est;Kompienga;RIZ;2744,495433;;2744,495433;129788;120686;132532,4954;0,020708094;75170,38285;
2022;Est;Tapoa;RIZ;18290,29063;;18290,29063;661426;82363;679716,2906;0,026908713;97678,62845;
2022;Hauts Bassins;Houet;RIZ;34370,01425;;34370,01425;1637299;186718;1671669,014;0,020560299;74633,88426;
2022;Hauts Bassins;Kénédougou;RIZ;27094,44017;;27094,44017;431023;32011;458117,4402;0,059143001;214689,0932;
2022;Hauts Bassins;Tuy;RIZ;16785,36358;;16785,36358;355090;64005;371875,3636;0,045137068;163847,5569;
2022;Nord;Loroum;RIZ;1989,780496;;1989,780496;211780;496807;213769,7805;0,009308053;33788,23323;
2022;Nord;Passoré;RIZ;5335,40701;;5335,40701;487270;29131;492605,407;0,010830996;39316,51413;
2022;Nord;Yatenga;RIZ;9402,021833;;9402,021833;884192;1032509;893594,0218;0,010521581;38193,33883;
2022;Nord;Zondoma;RIZ;4071,952171;;4071,952171;257295;17688;261366,9522;0,015579445;56553,38695;
2022;Plateau Central;Ganzourgou;RIZ;7090,702083;;7090,702083;516993;64985;524083,7021;0,013529713;49112,85823;
2022;Plateau Central;Kourwéogo;RIZ;3212,189768;;3212,189768;191813;13833;195025,1898;0,01647064;59788,42462;
2022;Plateau Central;Oubritenga;RIZ;2134,517653;;2134,517653;333817;80259;335951,5177;0,006353648;23063,74186;
2022;Sahel;Oudalan;RIZ;102,3;;102,3;165274;602434;165376,3;0,000618589;2245,478947;
2022;Sahel;Séno;RIZ;215,67;;215,67;434993;860906;435208,67;0,000495555;1798,866047;
2022;Sahel;Soum;RIZ;132,75;;132,75;384202;2204871;384334,75;0,000345402;1253,809342;
2022;Sahel;Yagha;RIZ;622,8709473;;622,8709473;181538;148508;182160,8709;0,003419345;12412,22402;
2022;Sud Ouest;Bougouriba;RIZ;1576,213446;600;2176,213446;165322;40191;167498,2134;0,012992458;47162,62129;
2022;Sud Ouest;Ioba;RIZ;7356,999617;;7356,999617;282636;6015;289992,9996;0,025369577;92091,56305;
2022;Sud Ouest;Noumbiel;RIZ;1686,183303;;1686,183303;106220;26689;107906,1833;0,015626383;56723,76878;
2022;Sud Ouest;Poni;RIZ;5222,783237;;5222,783237;381962;147739;387184,7832;0,013489123;48965,51717;
2022;Boucle du Mouhoun;Balé;SORGHO;21418,3358;;21418,3358;317681;131348;339099,3358;0,063162423;216015,4878;
2022;Boucle du Mouhoun;Banwa;SORGHO;67855,60991;;67855,60991;368627;21917;436482,6099;0,155460054;531673,3832;
2022;Boucle du Mouhoun;Kossi;SORGHO;56739,54097;;56739,54097;378329;199525;435068,541;0,130415177;446019,9068;
2022;Boucle du Mouhoun;Mouhoun;SORGHO;112907,3441;;112907,3441;416756;29126;529663,3441;0,213168129;729035,0016;
2022;Boucle du Mouhoun;Nayala;SORGHO;54444,83928;;54444,83928;237102;4168;291546,8393;0,186744742;638667,0176;
2022;Boucle du Mouhoun;Sourou;SORGHO;49916,16372;;49916,16372;301421;141049;351337,1637;0,142074818;485895,8788;
2022;Cascades;Comoé;SORGHO;36123,69556;;36123,69556;693374;132965;729497,6956;0,049518588;169353,5697;
2022;Cascades;Léraba;SORGHO;3853,140997;;3853,140997;192575;1336;196428,141;0,019616034;67086,83462;
2022;Centre;Kadiogo;SORGHO;26742,49306;;26742,49306;3362048;35474;3388790,493;0,007891457;26988,78153;
2022;Centre Est;Boulgou;SORGHO;55422,54297;;55422,54297;788568;55844;843990,543;0,065667256;224582,0152;
2022;Centre Est;Koulpélgo;SORGHO;23540,92355;;23540,92355;389720;41917;413260,9235;0,056963826;194816,2866;
2022;Centre Est;Kouritenga;SORGHO;53341,50968;;53341,50968;515242;221022;568583,5097;0,093814732;320846,3841;
2022;Centre Nord;Bam;SORGHO;43876,3932;;43876,3932;515230;723749;559106,3932;0,078475928;268387,6746;
2022;Centre Nord;Namentenga;SORGHO;35631,41321;;35631,41321;553051;962153;588682,4132;0,060527395;207003,6924;
2022;Centre Nord;Sanmatenga;SORGHO;139070,5792;;139070,5792;948996;2494166;1088066,579;0,127814402;437125,2549;
2022;Centre Ouest;Boulkièmdé;SORGHO;74820,64333;;74820,64333;732470;6056;807290,6433;0,092681172;316969,6098;
2022;Centre Ouest;Sanguié;SORGHO;95907,51684;;95907,51684;414903;28155;510810,5168;0,187755564;642124,0299;
2022;Centre Ouest;Sissili;SORGHO;39423,85041;;39423,85041;364430;52105;403853,8504;0,097619102;333857,3305;
2022;Centre Ouest;Ziro;SORGHO;70120,71853;;70120,71853;260560;106193;330680,7185;0,212049613;725209,6779;
2022;Centre Sud;Bazèga;SORGHO;44634,15347;;44634,15347;294482;9775;339116,1535;0,131619072;450137,2268;
2022;Centre Sud;Nahouri;SORGHO;20885,39943;;20885,39943;208297;10818;229182,3994;0,091130032;311664,7099;
2022;Centre Sud;Zoundweogo;SORGHO;50724,91799;;50724,91799;331085;17138;381809,918;0,132853851;454360,1708;
2022;Est;Gnagna;SORGHO;63141,82526;;63141,82526;731329;77803;794470,8253;0,079476581;271809,9086;
2022;Est;Gourma;SORGHO;73084,04751;500;73584,04751;470498;734244;544082,0475;0,135244395;462535,8319;
2022;Est;Komandjoari;SORGHO;17515,64854;;17515,64854;114167;181083;131682,6485;0,133014097;454908,2105;
2022;Est;Kompienga;SORGHO;14121,30414;;14121,30414;129788;120686;143909,3041;0,098126415;335592,3402;
2022;Est;Tapoa;SORGHO;87269,56004;;87269,56004;661426;82363;748695,56;0,116562144;398642,5341;
2022;Hauts Bassins;Houet;SORGHO;47806,38123;;47806,38123;1637299;186718;1685105,381;0,028369965;97025,28141;
2022;Hauts Bassins;Kénédougou;SORGHO;10039,20615;;10039,20615;431023;32011;441062,2061;0,022761429;77844,08762;
2022;Hauts Bassins;Tuy;SORGHO;25503,53012;;25503,53012;355090;64005;380593,5301;0,067009889;229173,8196;
2022;Nord;Loroum;SORGHO;4700,695132;;4700,695132;211780;496807;216480,6951;0,021714154;74262,40637;
2022;Nord;Passoré;SORGHO;74062,86323;;74062,86323;487270;29131;561332,8632;0,131941078;451238,4876;
2022;Nord;Yatenga;SORGHO;95914,61697;2000;97914,61697;884192;1032509;982106,617;0,099698562;340969,0804;
2022;Nord;Zondoma;SORGHO;28314,64759;;28314,64759;257295;17688;285609,6476;0,099137574;339050,5032;
2022;Plateau Central;Ganzourgou;SORGHO;89678,78063;;89678,78063;516993;64985;606671,7806;0,14782092;505547,5457;
2022;Plateau Central;Kourwéogo;SORGHO;17195,6104;;17195,6104;191813;13833;209008,6104;0,082272258;281371,1237;
2022;Plateau Central;Oubritenga;SORGHO;31254,52292;;31254,52292;333817;80259;365071,5229;0,085612054;292793,2245;
2022;Sahel;Oudalan;SORGHO;4781,865382;;4781,865382;165274;602434;170055,8654;0,028119379;96168,27724;
2022;Sahel;Séno;SORGHO;6358,975685;;6358,975685;434993;860906;441351,9757;0,014407947;49275,17728;
2022;Sahel;Soum;SORGHO;3327,349579;;3327,349579;384202;2204871;387529,3496;0,008586058;29364,3193;
2022;Sahel;Yagha;SORGHO;13603,7274;;13603,7274;181538;148508;195141,7274;0,069712037;238415,1679;
2022;Sud Ouest;Bougouriba;SORGHO;15697,33483;;15697,33483;165322;40191;181019,3348;0,086716344;296569,895;
2022;Sud Ouest;Ioba;SORGHO;57369,15204;;57369,15204;282636;6015;340005,152;0,168730243;577057,4323;
2022;Sud Ouest;Noumbiel;SORGHO;15446,8872;;15446,8872;106220;26689;121666,8872;0,126960487;434204,8641;
2022;Sud Ouest;Poni;SORGHO;40278,70555;;40278,70555;381962;147739;422240,7056;0,095392758;326243,2333;
2022;Boucle du Mouhoun;Balé;NIEBE;6235,97019;;6235,97019;317681;131348;323916,9702;0,019251755;65648,48496;
2022;Boucle du Mouhoun;Banwa;NIEBE;22472,23823;;22472,23823;368627;21917;391099,2382;0,057459172;195935,775;
2022;Boucle du Mouhoun;Kossi;NIEBE;13927,24359;;13927,24359;378329;199525;392256,2436;0,035505473;121073,664;
2022;Boucle du Mouhoun;Mouhoun;NIEBE;16116,6773;;16116,6773;416756;29126;432872,6773;0,037231912;126960,8189;
2022;Boucle du Mouhoun;Nayala;NIEBE;7672,834209;;7672,834209;237102;4168;244774,8342;0,031346499;106891,5632;
2022;Boucle du Mouhoun;Sourou;NIEBE;20844,65673;;20844,65673;301421;141049;322265,6567;0,064681595;220564,2393;
2022;Cascades;Comoé;NIEBE;29107,21562;;29107,21562;693374;132965;722481,2156;0,040287851;137381,5722;
2022;Cascades;Léraba;NIEBE;4631,882631;;4631,882631;192575;1336;197206,8826;0,023487429;80092,13249;
2022;Centre;Kadiogo;NIEBE;10910,13431;;10910,13431;3362048;35474;3372958,134;0,003234589;11029,94954;
2022;Centre Est;Boulgou;NIEBE;21396,06089;;21396,06089;788568;55844;809964,0609;0,026416062;90078,77158;
2022;Centre Est;Koulpélgo;NIEBE;7409,905723;;7409,905723;389720;41917;397129,9057;0,018658644;63625,97767;
2022;Centre Est;Kouritenga;NIEBE;28710,25664;;28710,25664;515242;221022;543952,2566;0,052780839;179982,662;
2022;Centre Nord;Bam;NIEBE;22192,96257;;22192,96257;515230;723749;537422,9626;0,041295151;140816,466;
2022;Centre Nord;Namentenga;NIEBE;13618,8392;;13618,8392;553051;962153;566669,8392;0,024033111;81952,90883;
2022;Centre Nord;Sanmatenga;NIEBE;64576,74707;;64576,74707;948996;2494166;1013572,747;0,063712;217257,9207;
2022;Centre Ouest;Boulkièmdé;NIEBE;40410,81778;;40410,81778;732470;6056;772880,8178;0,052285963;178295,1335;
2022;Centre Ouest;Sanguié;NIEBE;26683,0798;;26683,0798;414903;28155;441586,0798;0,060425546;206051,1105;
2022;Centre Ouest;Sissili;NIEBE;13204,41138;;13204,41138;364430;52105;377634,4114;0,034966123;119234,4804;
2022;Centre Ouest;Ziro;NIEBE;15846,78918;;15846,78918;260560;106193;276406,7892;0,057331404;195500,0862;
2022;Centre Sud;Bazèga;NIEBE;19362,70132;;19362,70132;294482;9775;313844,7013;0,061695167;210380,5201;
2022;Centre Sud;Nahouri;NIEBE;6547,633383;;6547,633383;208297;10818;214844,6334;0,030476132;103923,6097;
2022;Centre Sud;Zoundweogo;NIEBE;8924,579684;;8924,579684;331085;17138;340009,5797;0,026248024;89505,7626;
2022;Est;Gnagna;NIEBE;18681,37499;;18681,37499;731329;77803;750010,375;0,024908155;84936,80997;
2022;Est;Gourma;NIEBE;25486,53267;;25486,53267;470498;734244;495984,5327;0,051385741;175225,3764;
2022;Est;Komandjoari;NIEBE;1788,592257;;1788,592257;114167;181083;115955,5923;0,015424804;52598,58087;
2022;Est;Kompienga;NIEBE;2424,271606;;2424,271606;129788;120686;132212,2716;0,018336207;62526,46653;
2022;Est;Tapoa;NIEBE;17519,11232;;17519,11232;661426;82363;678945,1123;0,025803429;87989,69451;
2022;Hauts Bassins;Houet;NIEBE;35392,12806;;35392,12806;1637299;186718;1672691,128;0,021158795;72151,48968;
2022;Hauts Bassins;Kénédougou;NIEBE;8109,85204;;8109,85204;431023;32011;439132,852;0,018467878;62975,46478;
2022;Hauts Bassins;Tuy;NIEBE;18683,69018;;18683,69018;355090;64005;373773,6902;0,049986638;170454,4359;
2022;Nord;Loroum;NIEBE;6215,040573;;6215,040573;211780;496807;217995,0406;0,028510009;97219,13076;
2022;Nord;Passoré;NIEBE;34627,511;;34627,511;487270;29131;521897,511;0,066349255;226250,9593;
2022;Nord;Yatenga;NIEBE;75225,87436;;75225,87436;884192;1032509;959417,8744;0,078407831;267370,703;
2022;Nord;Zondoma;NIEBE;11713,125;;11713,125;257295;17688;269008,125;0,0435419;148477,8806;
2022;Plateau Central;Ganzourgou;NIEBE;26571,84164;;26571,84164;516993;64985;543564,8416;0,048884401;166695,8071;
2022;Plateau Central;Kourwéogo;NIEBE;11072,02723;;11072,02723;191813;13833;202885,0272;0,054572914;186093,6383;
2022;Plateau Central;Oubritenga;NIEBE;23110,4311;;23110,4311;333817;80259;356927,4311;0,064748263;220791,5761;
2022;Sahel;Oudalan;NIEBE;12611,00906;;12611,00906;165274;602434;177885,0091;0,070894164;241749,1004;
2022;Sahel;Séno;NIEBE;14579,76218;;14579,76218;434993;860906;449572,7622;0,032430261;110587,1912;
2022;Sahel;Soum;NIEBE;16255,76403;;16255,76403;384202;2204871;400457,764;0,040592955;138421,9769;
2022;Sahel;Yagha;NIEBE;1674,98441;;1674,98441;181538;148508;183212,9844;0,00914228;31175,17492;
2022;Sud Ouest;Bougouriba;NIEBE;13393,50894;;13393,50894;165322;40191;178715,5089;0,074943182;255556,2512;
2022;Sud Ouest;Ioba;NIEBE;8567,28885;;8567,28885;282636;6015;291203,2888;0,029420303;100323,2316;
2022;Sud Ouest;Noumbiel;NIEBE;3370,322518;;3370,322518;106220;26689;109590,3225;0,030753833;104870,5718;
2022;Sud Ouest;Poni;NIEBE;21326,38963;;21326,38963;381962;147739;403288,3896;0,052881239;180325,0243;
